solid OpenSCAD_Model
  facet normal -0.890975 -0.454053 0
    outer loop
      vertex 20.8399 9.41656 1.5
      vertex 20.9825 9.13674 3
      vertex 20.8399 9.41656 3
    endloop
  endfacet
  facet normal -0.890937 -0.454127 -1.74368e-05
    outer loop
      vertex 20.9962 9.10992 1.5
      vertex 20.9825 9.13674 3
      vertex 20.8399 9.41656 1.5
    endloop
  endfacet
  facet normal -0.890542 -0.4549 0
    outer loop
      vertex 20.9825 9.13674 3
      vertex 20.9962 9.10992 1.5
      vertex 20.9962 9.10992 3
    endloop
  endfacet
  facet normal -0.987705 -0.156327 0
    outer loop
      vertex 21.05 8.77 1.5
      vertex 20.9962 9.10992 3
      vertex 20.9962 9.10992 1.5
    endloop
  endfacet
  facet normal -0.987705 -0.156327 0
    outer loop
      vertex 20.9962 9.10992 3
      vertex 21.05 8.77 1.5
      vertex 21.05 8.77 3
    endloop
  endfacet
  facet normal 0.890937 -0.454127 0
    outer loop
      vertex 18.9038 9.10992 3
      vertex 19.0601 9.41656 1.5
      vertex 19.0601 9.41656 3
    endloop
  endfacet
  facet normal 0.890937 -0.454127 0
    outer loop
      vertex 19.0601 9.41656 1.5
      vertex 18.9038 9.10992 3
      vertex 18.9038 9.10992 1.5
    endloop
  endfacet
  facet normal -0.453918 0.891043 0
    outer loop
      vertex 20.5966 7.88008 1.5
      vertex 20.2899 7.72384 3
      vertex 20.5966 7.88008 3
    endloop
  endfacet
  facet normal -0.453918 0.891043 0
    outer loop
      vertex 20.2899 7.72384 3
      vertex 20.5966 7.88008 1.5
      vertex 20.2899 7.72384 1.5
    endloop
  endfacet
  facet normal 0.707194 -0.70702 0
    outer loop
      vertex 19.0601 9.41656 3
      vertex 19.3034 9.65992 1.5
      vertex 19.3034 9.65992 3
    endloop
  endfacet
  facet normal 0.707194 -0.70702 0
    outer loop
      vertex 19.3034 9.65992 1.5
      vertex 19.0601 9.41656 3
      vertex 19.0601 9.41656 1.5
    endloop
  endfacet
  facet normal 0.707194 0.70702 0
    outer loop
      vertex 19.3034 7.88008 3
      vertex 19.0601 8.12344 1.5
      vertex 19.0601 8.12344 3
    endloop
  endfacet
  facet normal 0.707194 0.70702 0
    outer loop
      vertex 19.0601 8.12344 1.5
      vertex 19.3034 7.88008 3
      vertex 19.3034 7.88008 1.5
    endloop
  endfacet
  facet normal -0.453777 -0.891115 0
    outer loop
      vertex 20.2899 9.81616 1.5
      vertex 20.4059 9.75709 3
      vertex 20.2899 9.81616 3
    endloop
  endfacet
  facet normal -0.453918 -0.891043 1.36954e-05
    outer loop
      vertex 20.5966 9.65992 1.5
      vertex 20.4059 9.75709 3
      vertex 20.2899 9.81616 1.5
    endloop
  endfacet
  facet normal -0.454003 -0.891 0
    outer loop
      vertex 20.4059 9.75709 3
      vertex 20.5966 9.65992 1.5
      vertex 20.5966 9.65992 3
    endloop
  endfacet
  facet normal 0.987705 0.156327 0
    outer loop
      vertex 18.9038 8.43008 3
      vertex 18.85 8.77 1.5
      vertex 18.85 8.77 3
    endloop
  endfacet
  facet normal 0.987705 0.156327 0
    outer loop
      vertex 18.85 8.77 1.5
      vertex 18.9038 8.43008 3
      vertex 18.9038 8.43008 1.5
    endloop
  endfacet
  facet normal -0.707194 0.70702 0
    outer loop
      vertex 20.5966 7.88008 1.5
      vertex 20.8399 8.12344 3
      vertex 20.8399 8.12344 1.5
    endloop
  endfacet
  facet normal -0.707194 0.70702 0
    outer loop
      vertex 20.8399 8.12344 3
      vertex 20.5966 7.88008 1.5
      vertex 20.5966 7.88008 3
    endloop
  endfacet
  facet normal -0.987682 0.156477 0
    outer loop
      vertex 21.05 8.77 1.5
      vertex 21.01 8.51752 3
      vertex 21.05 8.77 3
    endloop
  endfacet
  facet normal -0.987705 0.156327 -2.59111e-05
    outer loop
      vertex 20.9962 8.43008 1.5
      vertex 21.01 8.51752 3
      vertex 21.05 8.77 1.5
    endloop
  endfacet
  facet normal -0.987774 0.155893 0
    outer loop
      vertex 21.01 8.51752 3
      vertex 20.9962 8.43008 1.5
      vertex 20.9962 8.43008 3
    endloop
  endfacet
  facet normal -0.156449 0.987686 0
    outer loop
      vertex 20.2899 7.72384 1.5
      vertex 19.95 7.67 3
      vertex 20.2899 7.72384 3
    endloop
  endfacet
  facet normal -0.156449 0.987686 0
    outer loop
      vertex 19.95 7.67 3
      vertex 20.2899 7.72384 1.5
      vertex 19.95 7.67 1.5
    endloop
  endfacet
  facet normal 0.156449 -0.987686 0
    outer loop
      vertex 19.6101 9.81616 1.5
      vertex 19.95 9.87 3
      vertex 19.6101 9.81616 3
    endloop
  endfacet
  facet normal 0.156449 -0.987686 0
    outer loop
      vertex 19.95 9.87 3
      vertex 19.6101 9.81616 1.5
      vertex 19.95 9.87 1.5
    endloop
  endfacet
  facet normal 0.987705 -0.156327 0
    outer loop
      vertex 18.85 8.77 3
      vertex 18.9038 9.10992 1.5
      vertex 18.9038 9.10992 3
    endloop
  endfacet
  facet normal 0.987705 -0.156327 0
    outer loop
      vertex 18.9038 9.10992 1.5
      vertex 18.85 8.77 3
      vertex 18.85 8.77 1.5
    endloop
  endfacet
  facet normal 0.453918 -0.891043 0
    outer loop
      vertex 19.3034 9.65992 1.5
      vertex 19.6101 9.81616 3
      vertex 19.3034 9.65992 3
    endloop
  endfacet
  facet normal 0.453918 -0.891043 0
    outer loop
      vertex 19.6101 9.81616 3
      vertex 19.3034 9.65992 1.5
      vertex 19.6101 9.81616 1.5
    endloop
  endfacet
  facet normal 0.156449 0.987686 -0
    outer loop
      vertex 19.95 7.67 1.5
      vertex 19.6101 7.72384 3
      vertex 19.95 7.67 3
    endloop
  endfacet
  facet normal 0.156449 0.987686 0
    outer loop
      vertex 19.6101 7.72384 3
      vertex 19.95 7.67 1.5
      vertex 19.6101 7.72384 1.5
    endloop
  endfacet
  facet normal -0.156449 -0.987686 0
    outer loop
      vertex 19.95 9.87 1.5
      vertex 20.2899 9.81616 3
      vertex 19.95 9.87 3
    endloop
  endfacet
  facet normal -0.156449 -0.987686 -0
    outer loop
      vertex 20.2899 9.81616 3
      vertex 19.95 9.87 1.5
      vertex 20.2899 9.81616 1.5
    endloop
  endfacet
  facet normal -0.890937 0.454127 0
    outer loop
      vertex 20.8399 8.12344 1.5
      vertex 20.9962 8.43008 3
      vertex 20.9962 8.43008 1.5
    endloop
  endfacet
  facet normal -0.890937 0.454127 0
    outer loop
      vertex 20.9962 8.43008 3
      vertex 20.8399 8.12344 1.5
      vertex 20.8399 8.12344 3
    endloop
  endfacet
  facet normal 0.453918 0.891043 -0
    outer loop
      vertex 19.6101 7.72384 1.5
      vertex 19.3034 7.88008 3
      vertex 19.6101 7.72384 3
    endloop
  endfacet
  facet normal 0.453918 0.891043 0
    outer loop
      vertex 19.3034 7.88008 3
      vertex 19.6101 7.72384 1.5
      vertex 19.3034 7.88008 1.5
    endloop
  endfacet
  facet normal 0.890937 0.454127 0
    outer loop
      vertex 19.0601 8.12344 3
      vertex 18.9038 8.43008 1.5
      vertex 18.9038 8.43008 3
    endloop
  endfacet
  facet normal 0.890937 0.454127 0
    outer loop
      vertex 18.9038 8.43008 1.5
      vertex 19.0601 8.12344 3
      vertex 19.0601 8.12344 1.5
    endloop
  endfacet
  facet normal -0.707194 -0.70702 0
    outer loop
      vertex 20.8399 9.41656 1.5
      vertex 20.5966 9.65992 3
      vertex 20.5966 9.65992 1.5
    endloop
  endfacet
  facet normal -0.707194 -0.70702 0
    outer loop
      vertex 20.5966 9.65992 3
      vertex 20.8399 9.41656 1.5
      vertex 20.8399 9.41656 3
    endloop
  endfacet
  facet normal -0.890995 -0.454014 0
    outer loop
      vertex 22.0899 9.46529 0
      vertex 21.7703 10.0925 1.5
      vertex 21.7703 10.0925 0
    endloop
  endfacet
  facet normal -0.890995 -0.454014 0
    outer loop
      vertex 21.7703 10.0925 1.5
      vertex 22.0899 9.46529 0
      vertex 22.0899 9.46529 1.5
    endloop
  endfacet
  facet normal -0.987693 -0.156402 0
    outer loop
      vertex 22.2 8.77 0
      vertex 22.0899 9.46529 1.5
      vertex 22.0899 9.46529 0
    endloop
  endfacet
  facet normal -0.987693 -0.156402 0
    outer loop
      vertex 22.0899 9.46529 1.5
      vertex 22.2 8.77 0
      vertex 22.2 8.77 1.5
    endloop
  endfacet
  facet normal -0.707107 -0.707107 0
    outer loop
      vertex 21.7703 10.0925 0
      vertex 21.2725 10.5903 1.5
      vertex 21.2725 10.5903 0
    endloop
  endfacet
  facet normal -0.707107 -0.707107 0
    outer loop
      vertex 21.2725 10.5903 1.5
      vertex 21.7703 10.0925 0
      vertex 21.7703 10.0925 1.5
    endloop
  endfacet
  facet normal -0.454008 0.890998 0
    outer loop
      vertex 21.2725 6.94971 0
      vertex 20.6453 6.63012 1.5
      vertex 21.2725 6.94971 1.5
    endloop
  endfacet
  facet normal -0.454008 0.890998 0
    outer loop
      vertex 20.6453 6.63012 1.5
      vertex 21.2725 6.94971 0
      vertex 20.6453 6.63012 0
    endloop
  endfacet
  facet normal 0.707107 -0.707107 0
    outer loop
      vertex 18.1297 10.0925 1.5
      vertex 18.6275 10.5903 0
      vertex 18.6275 10.5903 1.5
    endloop
  endfacet
  facet normal 0.707107 -0.707107 0
    outer loop
      vertex 18.6275 10.5903 0
      vertex 18.1297 10.0925 1.5
      vertex 18.1297 10.0925 0
    endloop
  endfacet
  facet normal -0.454019 -0.890992 0
    outer loop
      vertex 20.6453 10.9099 0
      vertex 21.2725 10.5903 1.5
      vertex 20.6453 10.9099 1.5
    endloop
  endfacet
  facet normal -0.454019 -0.890992 -0
    outer loop
      vertex 21.2725 10.5903 1.5
      vertex 20.6453 10.9099 0
      vertex 21.2725 10.5903 0
    endloop
  endfacet
  facet normal -0.987693 0.156402 0
    outer loop
      vertex 22.0899 8.07471 0
      vertex 22.2 8.77 1.5
      vertex 22.2 8.77 0
    endloop
  endfacet
  facet normal -0.987693 0.156402 0
    outer loop
      vertex 22.2 8.77 1.5
      vertex 22.0899 8.07471 0
      vertex 22.0899 8.07471 1.5
    endloop
  endfacet
  facet normal 0.987693 -0.156402 0
    outer loop
      vertex 17.7 8.77 1.5
      vertex 17.8101 9.46529 0
      vertex 17.8101 9.46529 1.5
    endloop
  endfacet
  facet normal 0.987693 -0.156402 0
    outer loop
      vertex 17.8101 9.46529 0
      vertex 17.7 8.77 1.5
      vertex 17.7 8.77 0
    endloop
  endfacet
  facet normal 0.1564 -0.987694 0
    outer loop
      vertex 19.2547 10.9099 0
      vertex 19.95 11.02 1.5
      vertex 19.2547 10.9099 1.5
    endloop
  endfacet
  facet normal 0.1564 -0.987694 0
    outer loop
      vertex 19.95 11.02 1.5
      vertex 19.2547 10.9099 0
      vertex 19.95 11.02 0
    endloop
  endfacet
  facet normal 0.454019 -0.890992 0
    outer loop
      vertex 18.6275 10.5903 0
      vertex 19.2547 10.9099 1.5
      vertex 18.6275 10.5903 1.5
    endloop
  endfacet
  facet normal 0.454019 -0.890992 0
    outer loop
      vertex 19.2547 10.9099 1.5
      vertex 18.6275 10.5903 0
      vertex 19.2547 10.9099 0
    endloop
  endfacet
  facet normal 0.890995 -0.454014 0
    outer loop
      vertex 17.8101 9.46529 1.5
      vertex 18.1297 10.0925 0
      vertex 18.1297 10.0925 1.5
    endloop
  endfacet
  facet normal 0.890995 -0.454014 0
    outer loop
      vertex 18.1297 10.0925 0
      vertex 17.8101 9.46529 1.5
      vertex 17.8101 9.46529 0
    endloop
  endfacet
  facet normal 0.156428 0.987689 -0
    outer loop
      vertex 19.95 6.52 0
      vertex 19.2547 6.63012 1.5
      vertex 19.95 6.52 1.5
    endloop
  endfacet
  facet normal 0.156428 0.987689 0
    outer loop
      vertex 19.2547 6.63012 1.5
      vertex 19.95 6.52 0
      vertex 19.2547 6.63012 0
    endloop
  endfacet
  facet normal 0.987693 0.156402 0
    outer loop
      vertex 17.8101 8.07471 1.5
      vertex 17.7 8.77 0
      vertex 17.7 8.77 1.5
    endloop
  endfacet
  facet normal 0.987693 0.156402 0
    outer loop
      vertex 17.7 8.77 0
      vertex 17.8101 8.07471 1.5
      vertex 17.8101 8.07471 0
    endloop
  endfacet
  facet normal -0.891001 0.454002 0
    outer loop
      vertex 21.7703 7.44748 0
      vertex 22.0899 8.07471 1.5
      vertex 22.0899 8.07471 0
    endloop
  endfacet
  facet normal -0.891001 0.454002 0
    outer loop
      vertex 22.0899 8.07471 1.5
      vertex 21.7703 7.44748 0
      vertex 21.7703 7.44748 1.5
    endloop
  endfacet
  facet normal -0.707085 0.707128 0
    outer loop
      vertex 21.2725 6.94971 0
      vertex 21.7703 7.44748 1.5
      vertex 21.7703 7.44748 0
    endloop
  endfacet
  facet normal -0.707085 0.707128 0
    outer loop
      vertex 21.7703 7.44748 1.5
      vertex 21.2725 6.94971 0
      vertex 21.2725 6.94971 1.5
    endloop
  endfacet
  facet normal -0.1564 -0.987694 0
    outer loop
      vertex 19.95 11.02 0
      vertex 20.6453 10.9099 1.5
      vertex 19.95 11.02 1.5
    endloop
  endfacet
  facet normal -0.1564 -0.987694 -0
    outer loop
      vertex 20.6453 10.9099 1.5
      vertex 19.95 11.02 0
      vertex 20.6453 10.9099 0
    endloop
  endfacet
  facet normal -0.156428 0.987689 0
    outer loop
      vertex 20.6453 6.63012 0
      vertex 19.95 6.52 1.5
      vertex 20.6453 6.63012 1.5
    endloop
  endfacet
  facet normal -0.156428 0.987689 0
    outer loop
      vertex 19.95 6.52 1.5
      vertex 20.6453 6.63012 0
      vertex 19.95 6.52 0
    endloop
  endfacet
  facet normal 0 0 -1
    outer loop
      vertex 21.05 8.77 1.5
      vertex 22.2 8.77 1.5
      vertex 22.0899 8.07471 1.5
    endloop
  endfacet
  facet normal 0 0 -1
    outer loop
      vertex 20.9962 8.43008 1.5
      vertex 22.0899 8.07471 1.5
      vertex 21.7703 7.44748 1.5
    endloop
  endfacet
  facet normal 0 0 -1
    outer loop
      vertex 22.2 8.77 1.5
      vertex 21.05 8.77 1.5
      vertex 22.0899 9.46529 1.5
    endloop
  endfacet
  facet normal 0 0 -1
    outer loop
      vertex 20.8399 8.12344 1.5
      vertex 21.7703 7.44748 1.5
      vertex 21.2725 6.94971 1.5
    endloop
  endfacet
  facet normal 0 0 -1
    outer loop
      vertex 20.9962 9.10992 1.5
      vertex 22.0899 9.46529 1.5
      vertex 21.05 8.77 1.5
    endloop
  endfacet
  facet normal -0 0 -1
    outer loop
      vertex 22.0899 9.46529 1.5
      vertex 20.9962 9.10992 1.5
      vertex 21.7703 10.0925 1.5
    endloop
  endfacet
  facet normal 0 0 -1
    outer loop
      vertex 22.0899 8.07471 1.5
      vertex 20.9962 8.43008 1.5
      vertex 21.05 8.77 1.5
    endloop
  endfacet
  facet normal 0 0 -1
    outer loop
      vertex 21.7703 7.44748 1.5
      vertex 20.8399 8.12344 1.5
      vertex 20.9962 8.43008 1.5
    endloop
  endfacet
  facet normal 0 0 -1
    outer loop
      vertex 20.5966 7.88008 1.5
      vertex 21.2725 6.94971 1.5
      vertex 20.6453 6.63012 1.5
    endloop
  endfacet
  facet normal 0 0 -1
    outer loop
      vertex 21.2725 6.94971 1.5
      vertex 20.5966 7.88008 1.5
      vertex 20.8399 8.12344 1.5
    endloop
  endfacet
  facet normal 0 0 -1
    outer loop
      vertex 20.6453 6.63012 1.5
      vertex 20.2899 7.72384 1.5
      vertex 20.5966 7.88008 1.5
    endloop
  endfacet
  facet normal 0 0 -1
    outer loop
      vertex 19.95 6.52 1.5
      vertex 20.2899 7.72384 1.5
      vertex 20.6453 6.63012 1.5
    endloop
  endfacet
  facet normal 0 0 -1
    outer loop
      vertex 19.95 6.52 1.5
      vertex 19.95 7.67 1.5
      vertex 20.2899 7.72384 1.5
    endloop
  endfacet
  facet normal 0 0 -1
    outer loop
      vertex 19.95 6.52 1.5
      vertex 19.6101 7.72384 1.5
      vertex 19.95 7.67 1.5
    endloop
  endfacet
  facet normal 0 0 -1
    outer loop
      vertex 19.2547 6.63012 1.5
      vertex 19.6101 7.72384 1.5
      vertex 19.95 6.52 1.5
    endloop
  endfacet
  facet normal -0 0 -1
    outer loop
      vertex 19.6101 7.72384 1.5
      vertex 19.2547 6.63012 1.5
      vertex 19.3034 7.88008 1.5
    endloop
  endfacet
  facet normal 0 0 -1
    outer loop
      vertex 18.6275 6.94971 1.5
      vertex 19.3034 7.88008 1.5
      vertex 19.2547 6.63012 1.5
    endloop
  endfacet
  facet normal -0 0 -1
    outer loop
      vertex 19.3034 7.88008 1.5
      vertex 18.6275 6.94971 1.5
      vertex 19.0601 8.12344 1.5
    endloop
  endfacet
  facet normal -0 0 -1
    outer loop
      vertex 19.0601 8.12344 1.5
      vertex 18.1297 7.44748 1.5
      vertex 18.9038 8.43008 1.5
    endloop
  endfacet
  facet normal 0 0 -1
    outer loop
      vertex 18.1297 7.44748 1.5
      vertex 19.0601 8.12344 1.5
      vertex 18.6275 6.94971 1.5
    endloop
  endfacet
  facet normal 0 0 -1
    outer loop
      vertex 20.8399 9.41656 1.5
      vertex 21.7703 10.0925 1.5
      vertex 20.9962 9.10992 1.5
    endloop
  endfacet
  facet normal -0 0 -1
    outer loop
      vertex 21.7703 10.0925 1.5
      vertex 20.8399 9.41656 1.5
      vertex 21.2725 10.5903 1.5
    endloop
  endfacet
  facet normal 0 0 -1
    outer loop
      vertex 20.5966 9.65992 1.5
      vertex 21.2725 10.5903 1.5
      vertex 20.8399 9.41656 1.5
    endloop
  endfacet
  facet normal -0 0 -1
    outer loop
      vertex 21.2725 10.5903 1.5
      vertex 20.5966 9.65992 1.5
      vertex 20.6453 10.9099 1.5
    endloop
  endfacet
  facet normal 0 0 -1
    outer loop
      vertex 20.2899 9.81616 1.5
      vertex 20.6453 10.9099 1.5
      vertex 20.5966 9.65992 1.5
    endloop
  endfacet
  facet normal 0 0 -1
    outer loop
      vertex 19.95 9.87 1.5
      vertex 20.6453 10.9099 1.5
      vertex 20.2899 9.81616 1.5
    endloop
  endfacet
  facet normal 0 0 -1
    outer loop
      vertex 19.95 9.87 1.5
      vertex 19.95 11.02 1.5
      vertex 20.6453 10.9099 1.5
    endloop
  endfacet
  facet normal 0 0 -1
    outer loop
      vertex 19.6101 9.81616 1.5
      vertex 19.95 11.02 1.5
      vertex 19.95 9.87 1.5
    endloop
  endfacet
  facet normal 0 0 -1
    outer loop
      vertex 19.2547 10.9099 1.5
      vertex 19.6101 9.81616 1.5
      vertex 19.3034 9.65992 1.5
    endloop
  endfacet
  facet normal 0 0 -1
    outer loop
      vertex 19.6101 9.81616 1.5
      vertex 19.2547 10.9099 1.5
      vertex 19.95 11.02 1.5
    endloop
  endfacet
  facet normal 0 0 -1
    outer loop
      vertex 18.6275 10.5903 1.5
      vertex 19.3034 9.65992 1.5
      vertex 19.0601 9.41656 1.5
    endloop
  endfacet
  facet normal 0 0 -1
    outer loop
      vertex 18.1297 10.0925 1.5
      vertex 19.0601 9.41656 1.5
      vertex 18.9038 9.10992 1.5
    endloop
  endfacet
  facet normal 0 0 -1
    outer loop
      vertex 19.3034 9.65992 1.5
      vertex 18.6275 10.5903 1.5
      vertex 19.2547 10.9099 1.5
    endloop
  endfacet
  facet normal 0 0 -1
    outer loop
      vertex 17.8101 9.46529 1.5
      vertex 18.9038 9.10992 1.5
      vertex 18.85 8.77 1.5
    endloop
  endfacet
  facet normal 0 0 -1
    outer loop
      vertex 17.8101 8.07471 1.5
      vertex 18.9038 8.43008 1.5
      vertex 18.1297 7.44748 1.5
    endloop
  endfacet
  facet normal -0 0 -1
    outer loop
      vertex 18.9038 8.43008 1.5
      vertex 17.8101 8.07471 1.5
      vertex 18.85 8.77 1.5
    endloop
  endfacet
  facet normal 0 0 -1
    outer loop
      vertex 19.0601 9.41656 1.5
      vertex 18.1297 10.0925 1.5
      vertex 18.6275 10.5903 1.5
    endloop
  endfacet
  facet normal 0 0 -1
    outer loop
      vertex 17.7 8.77 1.5
      vertex 18.85 8.77 1.5
      vertex 17.8101 8.07471 1.5
    endloop
  endfacet
  facet normal 0 0 -1
    outer loop
      vertex 18.9038 9.10992 1.5
      vertex 17.8101 9.46529 1.5
      vertex 18.1297 10.0925 1.5
    endloop
  endfacet
  facet normal 0 0 -1
    outer loop
      vertex 18.85 8.77 1.5
      vertex 17.7 8.77 1.5
      vertex 17.8101 9.46529 1.5
    endloop
  endfacet
  facet normal 0.891001 0.454002 0
    outer loop
      vertex 18.1297 7.44748 1.5
      vertex 17.8101 8.07471 0
      vertex 17.8101 8.07471 1.5
    endloop
  endfacet
  facet normal 0.891001 0.454002 0
    outer loop
      vertex 17.8101 8.07471 0
      vertex 18.1297 7.44748 1.5
      vertex 18.1297 7.44748 0
    endloop
  endfacet
  facet normal 0.707085 0.707128 0
    outer loop
      vertex 18.6275 6.94971 1.5
      vertex 18.1297 7.44748 0
      vertex 18.1297 7.44748 1.5
    endloop
  endfacet
  facet normal 0.707085 0.707128 0
    outer loop
      vertex 18.1297 7.44748 0
      vertex 18.6275 6.94971 1.5
      vertex 18.6275 6.94971 0
    endloop
  endfacet
  facet normal 0.454008 0.890998 -0
    outer loop
      vertex 19.2547 6.63012 0
      vertex 18.6275 6.94971 1.5
      vertex 19.2547 6.63012 1.5
    endloop
  endfacet
  facet normal 0.454008 0.890998 0
    outer loop
      vertex 18.6275 6.94971 1.5
      vertex 19.2547 6.63012 0
      vertex 18.6275 6.94971 0
    endloop
  endfacet
  facet normal -0.890975 -0.454053 0
    outer loop
      vertex 72.8399 9.41656 1.5
      vertex 72.9825 9.13674 3
      vertex 72.8399 9.41656 3
    endloop
  endfacet
  facet normal -0.890937 -0.454127 -1.74368e-05
    outer loop
      vertex 72.9962 9.10992 1.5
      vertex 72.9825 9.13674 3
      vertex 72.8399 9.41656 1.5
    endloop
  endfacet
  facet normal -0.890542 -0.4549 0
    outer loop
      vertex 72.9825 9.13674 3
      vertex 72.9962 9.10992 1.5
      vertex 72.9962 9.10992 3
    endloop
  endfacet
  facet normal -0.987705 -0.156327 0
    outer loop
      vertex 73.05 8.77 1.5
      vertex 72.9962 9.10992 3
      vertex 72.9962 9.10992 1.5
    endloop
  endfacet
  facet normal -0.987705 -0.156327 0
    outer loop
      vertex 72.9962 9.10992 3
      vertex 73.05 8.77 1.5
      vertex 73.05 8.77 3
    endloop
  endfacet
  facet normal 0.890937 -0.454127 0
    outer loop
      vertex 70.9038 9.10992 3
      vertex 71.0601 9.41656 1.5
      vertex 71.0601 9.41656 3
    endloop
  endfacet
  facet normal 0.890937 -0.454127 0
    outer loop
      vertex 71.0601 9.41656 1.5
      vertex 70.9038 9.10992 3
      vertex 70.9038 9.10992 1.5
    endloop
  endfacet
  facet normal -0.453918 0.891043 0
    outer loop
      vertex 72.5966 7.88008 1.5
      vertex 72.2899 7.72384 3
      vertex 72.5966 7.88008 3
    endloop
  endfacet
  facet normal -0.453918 0.891043 0
    outer loop
      vertex 72.2899 7.72384 3
      vertex 72.5966 7.88008 1.5
      vertex 72.2899 7.72384 1.5
    endloop
  endfacet
  facet normal 0.707194 -0.70702 0
    outer loop
      vertex 71.0601 9.41656 3
      vertex 71.3034 9.65992 1.5
      vertex 71.3034 9.65992 3
    endloop
  endfacet
  facet normal 0.707194 -0.70702 0
    outer loop
      vertex 71.3034 9.65992 1.5
      vertex 71.0601 9.41656 3
      vertex 71.0601 9.41656 1.5
    endloop
  endfacet
  facet normal 0.707194 0.70702 0
    outer loop
      vertex 71.3034 7.88008 3
      vertex 71.0601 8.12344 1.5
      vertex 71.0601 8.12344 3
    endloop
  endfacet
  facet normal 0.707194 0.70702 0
    outer loop
      vertex 71.0601 8.12344 1.5
      vertex 71.3034 7.88008 3
      vertex 71.3034 7.88008 1.5
    endloop
  endfacet
  facet normal -0.453777 -0.891115 0
    outer loop
      vertex 72.2899 9.81616 1.5
      vertex 72.4059 9.75709 3
      vertex 72.2899 9.81616 3
    endloop
  endfacet
  facet normal -0.453918 -0.891043 1.36954e-05
    outer loop
      vertex 72.5966 9.65992 1.5
      vertex 72.4059 9.75709 3
      vertex 72.2899 9.81616 1.5
    endloop
  endfacet
  facet normal -0.454003 -0.891 0
    outer loop
      vertex 72.4059 9.75709 3
      vertex 72.5966 9.65992 1.5
      vertex 72.5966 9.65992 3
    endloop
  endfacet
  facet normal 0.987705 0.156327 0
    outer loop
      vertex 70.9038 8.43008 3
      vertex 70.85 8.77 1.5
      vertex 70.85 8.77 3
    endloop
  endfacet
  facet normal 0.987705 0.156327 0
    outer loop
      vertex 70.85 8.77 1.5
      vertex 70.9038 8.43008 3
      vertex 70.9038 8.43008 1.5
    endloop
  endfacet
  facet normal -0.707194 0.70702 0
    outer loop
      vertex 72.5966 7.88008 1.5
      vertex 72.8399 8.12344 3
      vertex 72.8399 8.12344 1.5
    endloop
  endfacet
  facet normal -0.707194 0.70702 0
    outer loop
      vertex 72.8399 8.12344 3
      vertex 72.5966 7.88008 1.5
      vertex 72.5966 7.88008 3
    endloop
  endfacet
  facet normal -0.987682 0.156477 0
    outer loop
      vertex 73.05 8.77 1.5
      vertex 73.01 8.51752 3
      vertex 73.05 8.77 3
    endloop
  endfacet
  facet normal -0.987705 0.156327 -2.59111e-05
    outer loop
      vertex 72.9962 8.43008 1.5
      vertex 73.01 8.51752 3
      vertex 73.05 8.77 1.5
    endloop
  endfacet
  facet normal -0.987774 0.155893 0
    outer loop
      vertex 73.01 8.51752 3
      vertex 72.9962 8.43008 1.5
      vertex 72.9962 8.43008 3
    endloop
  endfacet
  facet normal -0.156449 0.987686 0
    outer loop
      vertex 72.2899 7.72384 1.5
      vertex 71.95 7.67 3
      vertex 72.2899 7.72384 3
    endloop
  endfacet
  facet normal -0.156449 0.987686 0
    outer loop
      vertex 71.95 7.67 3
      vertex 72.2899 7.72384 1.5
      vertex 71.95 7.67 1.5
    endloop
  endfacet
  facet normal 0.156449 -0.987686 0
    outer loop
      vertex 71.6101 9.81616 1.5
      vertex 71.95 9.87 3
      vertex 71.6101 9.81616 3
    endloop
  endfacet
  facet normal 0.156449 -0.987686 0
    outer loop
      vertex 71.95 9.87 3
      vertex 71.6101 9.81616 1.5
      vertex 71.95 9.87 1.5
    endloop
  endfacet
  facet normal 0.987705 -0.156327 0
    outer loop
      vertex 70.85 8.77 3
      vertex 70.9038 9.10992 1.5
      vertex 70.9038 9.10992 3
    endloop
  endfacet
  facet normal 0.987705 -0.156327 0
    outer loop
      vertex 70.9038 9.10992 1.5
      vertex 70.85 8.77 3
      vertex 70.85 8.77 1.5
    endloop
  endfacet
  facet normal 0.453918 -0.891043 0
    outer loop
      vertex 71.3034 9.65992 1.5
      vertex 71.6101 9.81616 3
      vertex 71.3034 9.65992 3
    endloop
  endfacet
  facet normal 0.453918 -0.891043 0
    outer loop
      vertex 71.6101 9.81616 3
      vertex 71.3034 9.65992 1.5
      vertex 71.6101 9.81616 1.5
    endloop
  endfacet
  facet normal 0.156449 0.987686 -0
    outer loop
      vertex 71.95 7.67 1.5
      vertex 71.6101 7.72384 3
      vertex 71.95 7.67 3
    endloop
  endfacet
  facet normal 0.156449 0.987686 0
    outer loop
      vertex 71.6101 7.72384 3
      vertex 71.95 7.67 1.5
      vertex 71.6101 7.72384 1.5
    endloop
  endfacet
  facet normal -0.156449 -0.987686 0
    outer loop
      vertex 71.95 9.87 1.5
      vertex 72.2899 9.81616 3
      vertex 71.95 9.87 3
    endloop
  endfacet
  facet normal -0.156449 -0.987686 -0
    outer loop
      vertex 72.2899 9.81616 3
      vertex 71.95 9.87 1.5
      vertex 72.2899 9.81616 1.5
    endloop
  endfacet
  facet normal -0.890937 0.454127 0
    outer loop
      vertex 72.8399 8.12344 1.5
      vertex 72.9962 8.43008 3
      vertex 72.9962 8.43008 1.5
    endloop
  endfacet
  facet normal -0.890937 0.454127 0
    outer loop
      vertex 72.9962 8.43008 3
      vertex 72.8399 8.12344 1.5
      vertex 72.8399 8.12344 3
    endloop
  endfacet
  facet normal 0.453918 0.891043 -0
    outer loop
      vertex 71.6101 7.72384 1.5
      vertex 71.3034 7.88008 3
      vertex 71.6101 7.72384 3
    endloop
  endfacet
  facet normal 0.453918 0.891043 0
    outer loop
      vertex 71.3034 7.88008 3
      vertex 71.6101 7.72384 1.5
      vertex 71.3034 7.88008 1.5
    endloop
  endfacet
  facet normal 0.890937 0.454127 0
    outer loop
      vertex 71.0601 8.12344 3
      vertex 70.9038 8.43008 1.5
      vertex 70.9038 8.43008 3
    endloop
  endfacet
  facet normal 0.890937 0.454127 0
    outer loop
      vertex 70.9038 8.43008 1.5
      vertex 71.0601 8.12344 3
      vertex 71.0601 8.12344 1.5
    endloop
  endfacet
  facet normal -0.707194 -0.70702 0
    outer loop
      vertex 72.8399 9.41656 1.5
      vertex 72.5966 9.65992 3
      vertex 72.5966 9.65992 1.5
    endloop
  endfacet
  facet normal -0.707194 -0.70702 0
    outer loop
      vertex 72.5966 9.65992 3
      vertex 72.8399 9.41656 1.5
      vertex 72.8399 9.41656 3
    endloop
  endfacet
  facet normal -0.156428 0.987689 0
    outer loop
      vertex 72.6453 6.63012 0
      vertex 71.95 6.52 1.5
      vertex 72.6453 6.63012 1.5
    endloop
  endfacet
  facet normal -0.156428 0.987689 0
    outer loop
      vertex 71.95 6.52 1.5
      vertex 72.6453 6.63012 0
      vertex 71.95 6.52 0
    endloop
  endfacet
  facet normal -0.890995 -0.454014 0
    outer loop
      vertex 74.0899 9.46529 0
      vertex 73.7703 10.0925 1.5
      vertex 73.7703 10.0925 0
    endloop
  endfacet
  facet normal -0.890995 -0.454014 0
    outer loop
      vertex 73.7703 10.0925 1.5
      vertex 74.0899 9.46529 0
      vertex 74.0899 9.46529 1.5
    endloop
  endfacet
  facet normal -0.987693 -0.156402 0
    outer loop
      vertex 74.2 8.77 0
      vertex 74.0899 9.46529 1.5
      vertex 74.0899 9.46529 0
    endloop
  endfacet
  facet normal -0.987693 -0.156402 0
    outer loop
      vertex 74.0899 9.46529 1.5
      vertex 74.2 8.77 0
      vertex 74.2 8.77 1.5
    endloop
  endfacet
  facet normal -0.707107 -0.707107 0
    outer loop
      vertex 73.7703 10.0925 0
      vertex 73.2725 10.5903 1.5
      vertex 73.2725 10.5903 0
    endloop
  endfacet
  facet normal -0.707107 -0.707107 0
    outer loop
      vertex 73.2725 10.5903 1.5
      vertex 73.7703 10.0925 0
      vertex 73.7703 10.0925 1.5
    endloop
  endfacet
  facet normal -0.454008 0.890998 0
    outer loop
      vertex 73.2725 6.94971 0
      vertex 72.6453 6.63012 1.5
      vertex 73.2725 6.94971 1.5
    endloop
  endfacet
  facet normal -0.454008 0.890998 0
    outer loop
      vertex 72.6453 6.63012 1.5
      vertex 73.2725 6.94971 0
      vertex 72.6453 6.63012 0
    endloop
  endfacet
  facet normal 0.707107 -0.707107 0
    outer loop
      vertex 70.1297 10.0925 1.5
      vertex 70.6275 10.5903 0
      vertex 70.6275 10.5903 1.5
    endloop
  endfacet
  facet normal 0.707107 -0.707107 0
    outer loop
      vertex 70.6275 10.5903 0
      vertex 70.1297 10.0925 1.5
      vertex 70.1297 10.0925 0
    endloop
  endfacet
  facet normal -0.454019 -0.890992 0
    outer loop
      vertex 72.6453 10.9099 0
      vertex 73.2725 10.5903 1.5
      vertex 72.6453 10.9099 1.5
    endloop
  endfacet
  facet normal -0.454019 -0.890992 -0
    outer loop
      vertex 73.2725 10.5903 1.5
      vertex 72.6453 10.9099 0
      vertex 73.2725 10.5903 0
    endloop
  endfacet
  facet normal -0.987693 0.156402 0
    outer loop
      vertex 74.0899 8.07471 0
      vertex 74.2 8.77 1.5
      vertex 74.2 8.77 0
    endloop
  endfacet
  facet normal -0.987693 0.156402 0
    outer loop
      vertex 74.2 8.77 1.5
      vertex 74.0899 8.07471 0
      vertex 74.0899 8.07471 1.5
    endloop
  endfacet
  facet normal 0.987693 -0.156402 0
    outer loop
      vertex 69.7 8.77 1.5
      vertex 69.8101 9.46529 0
      vertex 69.8101 9.46529 1.5
    endloop
  endfacet
  facet normal 0.987693 -0.156402 0
    outer loop
      vertex 69.8101 9.46529 0
      vertex 69.7 8.77 1.5
      vertex 69.7 8.77 0
    endloop
  endfacet
  facet normal 0.1564 -0.987694 0
    outer loop
      vertex 71.2547 10.9099 0
      vertex 71.95 11.02 1.5
      vertex 71.2547 10.9099 1.5
    endloop
  endfacet
  facet normal 0.1564 -0.987694 0
    outer loop
      vertex 71.95 11.02 1.5
      vertex 71.2547 10.9099 0
      vertex 71.95 11.02 0
    endloop
  endfacet
  facet normal 0.454019 -0.890992 0
    outer loop
      vertex 70.6275 10.5903 0
      vertex 71.2547 10.9099 1.5
      vertex 70.6275 10.5903 1.5
    endloop
  endfacet
  facet normal 0.454019 -0.890992 0
    outer loop
      vertex 71.2547 10.9099 1.5
      vertex 70.6275 10.5903 0
      vertex 71.2547 10.9099 0
    endloop
  endfacet
  facet normal 0.890995 -0.454014 0
    outer loop
      vertex 69.8101 9.46529 1.5
      vertex 70.1297 10.0925 0
      vertex 70.1297 10.0925 1.5
    endloop
  endfacet
  facet normal 0.890995 -0.454014 0
    outer loop
      vertex 70.1297 10.0925 0
      vertex 69.8101 9.46529 1.5
      vertex 69.8101 9.46529 0
    endloop
  endfacet
  facet normal 0.156428 0.987689 -0
    outer loop
      vertex 71.95 6.52 0
      vertex 71.2547 6.63012 1.5
      vertex 71.95 6.52 1.5
    endloop
  endfacet
  facet normal 0.156428 0.987689 0
    outer loop
      vertex 71.2547 6.63012 1.5
      vertex 71.95 6.52 0
      vertex 71.2547 6.63012 0
    endloop
  endfacet
  facet normal 0.987693 0.156402 0
    outer loop
      vertex 69.8101 8.07471 1.5
      vertex 69.7 8.77 0
      vertex 69.7 8.77 1.5
    endloop
  endfacet
  facet normal 0.987693 0.156402 0
    outer loop
      vertex 69.7 8.77 0
      vertex 69.8101 8.07471 1.5
      vertex 69.8101 8.07471 0
    endloop
  endfacet
  facet normal -0.891001 0.454002 0
    outer loop
      vertex 73.7703 7.44748 0
      vertex 74.0899 8.07471 1.5
      vertex 74.0899 8.07471 0
    endloop
  endfacet
  facet normal -0.891001 0.454002 0
    outer loop
      vertex 74.0899 8.07471 1.5
      vertex 73.7703 7.44748 0
      vertex 73.7703 7.44748 1.5
    endloop
  endfacet
  facet normal -0.707085 0.707128 0
    outer loop
      vertex 73.2725 6.94971 0
      vertex 73.7703 7.44748 1.5
      vertex 73.7703 7.44748 0
    endloop
  endfacet
  facet normal -0.707085 0.707128 0
    outer loop
      vertex 73.7703 7.44748 1.5
      vertex 73.2725 6.94971 0
      vertex 73.2725 6.94971 1.5
    endloop
  endfacet
  facet normal -0.1564 -0.987694 0
    outer loop
      vertex 71.95 11.02 0
      vertex 72.6453 10.9099 1.5
      vertex 71.95 11.02 1.5
    endloop
  endfacet
  facet normal -0.1564 -0.987694 -0
    outer loop
      vertex 72.6453 10.9099 1.5
      vertex 71.95 11.02 0
      vertex 72.6453 10.9099 0
    endloop
  endfacet
  facet normal 0 0 -1
    outer loop
      vertex 73.05 8.77 1.5
      vertex 74.2 8.77 1.5
      vertex 74.0899 8.07471 1.5
    endloop
  endfacet
  facet normal 0 0 -1
    outer loop
      vertex 72.9962 8.43008 1.5
      vertex 74.0899 8.07471 1.5
      vertex 73.7703 7.44748 1.5
    endloop
  endfacet
  facet normal 0 0 -1
    outer loop
      vertex 74.2 8.77 1.5
      vertex 73.05 8.77 1.5
      vertex 74.0899 9.46529 1.5
    endloop
  endfacet
  facet normal 0 0 -1
    outer loop
      vertex 72.8399 8.12344 1.5
      vertex 73.7703 7.44748 1.5
      vertex 73.2725 6.94971 1.5
    endloop
  endfacet
  facet normal 0 0 -1
    outer loop
      vertex 72.9962 9.10992 1.5
      vertex 74.0899 9.46529 1.5
      vertex 73.05 8.77 1.5
    endloop
  endfacet
  facet normal -0 0 -1
    outer loop
      vertex 74.0899 9.46529 1.5
      vertex 72.9962 9.10992 1.5
      vertex 73.7703 10.0925 1.5
    endloop
  endfacet
  facet normal 0 0 -1
    outer loop
      vertex 74.0899 8.07471 1.5
      vertex 72.9962 8.43008 1.5
      vertex 73.05 8.77 1.5
    endloop
  endfacet
  facet normal 0 0 -1
    outer loop
      vertex 73.7703 7.44748 1.5
      vertex 72.8399 8.12344 1.5
      vertex 72.9962 8.43008 1.5
    endloop
  endfacet
  facet normal 0 0 -1
    outer loop
      vertex 72.5966 7.88008 1.5
      vertex 73.2725 6.94971 1.5
      vertex 72.6453 6.63012 1.5
    endloop
  endfacet
  facet normal 0 0 -1
    outer loop
      vertex 73.2725 6.94971 1.5
      vertex 72.5966 7.88008 1.5
      vertex 72.8399 8.12344 1.5
    endloop
  endfacet
  facet normal 0 0 -1
    outer loop
      vertex 72.6453 6.63012 1.5
      vertex 72.2899 7.72384 1.5
      vertex 72.5966 7.88008 1.5
    endloop
  endfacet
  facet normal 0 0 -1
    outer loop
      vertex 71.95 6.52 1.5
      vertex 72.2899 7.72384 1.5
      vertex 72.6453 6.63012 1.5
    endloop
  endfacet
  facet normal 0 0 -1
    outer loop
      vertex 71.95 6.52 1.5
      vertex 71.95 7.67 1.5
      vertex 72.2899 7.72384 1.5
    endloop
  endfacet
  facet normal 0 0 -1
    outer loop
      vertex 71.95 6.52 1.5
      vertex 71.6101 7.72384 1.5
      vertex 71.95 7.67 1.5
    endloop
  endfacet
  facet normal 0 0 -1
    outer loop
      vertex 71.2547 6.63012 1.5
      vertex 71.6101 7.72384 1.5
      vertex 71.95 6.52 1.5
    endloop
  endfacet
  facet normal -0 0 -1
    outer loop
      vertex 71.6101 7.72384 1.5
      vertex 71.2547 6.63012 1.5
      vertex 71.3034 7.88008 1.5
    endloop
  endfacet
  facet normal 0 0 -1
    outer loop
      vertex 70.6275 6.94971 1.5
      vertex 71.3034 7.88008 1.5
      vertex 71.2547 6.63012 1.5
    endloop
  endfacet
  facet normal -0 0 -1
    outer loop
      vertex 71.3034 7.88008 1.5
      vertex 70.6275 6.94971 1.5
      vertex 71.0601 8.12344 1.5
    endloop
  endfacet
  facet normal -0 0 -1
    outer loop
      vertex 71.0601 8.12344 1.5
      vertex 70.1297 7.44748 1.5
      vertex 70.9038 8.43008 1.5
    endloop
  endfacet
  facet normal 0 0 -1
    outer loop
      vertex 70.1297 7.44748 1.5
      vertex 71.0601 8.12344 1.5
      vertex 70.6275 6.94971 1.5
    endloop
  endfacet
  facet normal 0 0 -1
    outer loop
      vertex 72.8399 9.41656 1.5
      vertex 73.7703 10.0925 1.5
      vertex 72.9962 9.10992 1.5
    endloop
  endfacet
  facet normal -0 0 -1
    outer loop
      vertex 73.7703 10.0925 1.5
      vertex 72.8399 9.41656 1.5
      vertex 73.2725 10.5903 1.5
    endloop
  endfacet
  facet normal 0 0 -1
    outer loop
      vertex 72.5966 9.65992 1.5
      vertex 73.2725 10.5903 1.5
      vertex 72.8399 9.41656 1.5
    endloop
  endfacet
  facet normal -0 0 -1
    outer loop
      vertex 73.2725 10.5903 1.5
      vertex 72.5966 9.65992 1.5
      vertex 72.6453 10.9099 1.5
    endloop
  endfacet
  facet normal 0 0 -1
    outer loop
      vertex 72.2899 9.81616 1.5
      vertex 72.6453 10.9099 1.5
      vertex 72.5966 9.65992 1.5
    endloop
  endfacet
  facet normal 0 0 -1
    outer loop
      vertex 71.95 9.87 1.5
      vertex 72.6453 10.9099 1.5
      vertex 72.2899 9.81616 1.5
    endloop
  endfacet
  facet normal 0 0 -1
    outer loop
      vertex 71.95 9.87 1.5
      vertex 71.95 11.02 1.5
      vertex 72.6453 10.9099 1.5
    endloop
  endfacet
  facet normal 0 0 -1
    outer loop
      vertex 71.6101 9.81616 1.5
      vertex 71.95 11.02 1.5
      vertex 71.95 9.87 1.5
    endloop
  endfacet
  facet normal 0 0 -1
    outer loop
      vertex 71.2547 10.9099 1.5
      vertex 71.6101 9.81616 1.5
      vertex 71.3034 9.65992 1.5
    endloop
  endfacet
  facet normal 0 0 -1
    outer loop
      vertex 71.6101 9.81616 1.5
      vertex 71.2547 10.9099 1.5
      vertex 71.95 11.02 1.5
    endloop
  endfacet
  facet normal 0 0 -1
    outer loop
      vertex 70.6275 10.5903 1.5
      vertex 71.3034 9.65992 1.5
      vertex 71.0601 9.41656 1.5
    endloop
  endfacet
  facet normal 0 0 -1
    outer loop
      vertex 70.1297 10.0925 1.5
      vertex 71.0601 9.41656 1.5
      vertex 70.9038 9.10992 1.5
    endloop
  endfacet
  facet normal 0 0 -1
    outer loop
      vertex 71.3034 9.65992 1.5
      vertex 70.6275 10.5903 1.5
      vertex 71.2547 10.9099 1.5
    endloop
  endfacet
  facet normal 0 0 -1
    outer loop
      vertex 69.8101 9.46529 1.5
      vertex 70.9038 9.10992 1.5
      vertex 70.85 8.77 1.5
    endloop
  endfacet
  facet normal 0 0 -1
    outer loop
      vertex 69.8101 8.07471 1.5
      vertex 70.9038 8.43008 1.5
      vertex 70.1297 7.44748 1.5
    endloop
  endfacet
  facet normal -0 0 -1
    outer loop
      vertex 70.9038 8.43008 1.5
      vertex 69.8101 8.07471 1.5
      vertex 70.85 8.77 1.5
    endloop
  endfacet
  facet normal 0 0 -1
    outer loop
      vertex 71.0601 9.41656 1.5
      vertex 70.1297 10.0925 1.5
      vertex 70.6275 10.5903 1.5
    endloop
  endfacet
  facet normal 0 0 -1
    outer loop
      vertex 69.7 8.77 1.5
      vertex 70.85 8.77 1.5
      vertex 69.8101 8.07471 1.5
    endloop
  endfacet
  facet normal 0 0 -1
    outer loop
      vertex 70.9038 9.10992 1.5
      vertex 69.8101 9.46529 1.5
      vertex 70.1297 10.0925 1.5
    endloop
  endfacet
  facet normal 0 0 -1
    outer loop
      vertex 70.85 8.77 1.5
      vertex 69.7 8.77 1.5
      vertex 69.8101 9.46529 1.5
    endloop
  endfacet
  facet normal 0.891001 0.454002 0
    outer loop
      vertex 70.1297 7.44748 1.5
      vertex 69.8101 8.07471 0
      vertex 69.8101 8.07471 1.5
    endloop
  endfacet
  facet normal 0.891001 0.454002 0
    outer loop
      vertex 69.8101 8.07471 0
      vertex 70.1297 7.44748 1.5
      vertex 70.1297 7.44748 0
    endloop
  endfacet
  facet normal 0.707085 0.707128 0
    outer loop
      vertex 70.6275 6.94971 1.5
      vertex 70.1297 7.44748 0
      vertex 70.1297 7.44748 1.5
    endloop
  endfacet
  facet normal 0.707085 0.707128 0
    outer loop
      vertex 70.1297 7.44748 0
      vertex 70.6275 6.94971 1.5
      vertex 70.6275 6.94971 0
    endloop
  endfacet
  facet normal 0.454008 0.890998 -0
    outer loop
      vertex 71.2547 6.63012 0
      vertex 70.6275 6.94971 1.5
      vertex 71.2547 6.63012 1.5
    endloop
  endfacet
  facet normal 0.454008 0.890998 0
    outer loop
      vertex 70.6275 6.94971 1.5
      vertex 71.2547 6.63012 0
      vertex 70.6275 6.94971 0
    endloop
  endfacet
  facet normal -0.891367 -0.453282 0
    outer loop
      vertex 20.8399 154.747 1.5
      vertex 20.995 154.442 3
      vertex 20.8399 154.747 3
    endloop
  endfacet
  facet normal -0.891152 -0.453704 -0.000107983
    outer loop
      vertex 20.9962 154.44 1.5
      vertex 20.995 154.442 3
      vertex 20.8399 154.747 1.5
    endloop
  endfacet
  facet normal -0.857493 -0.514496 0
    outer loop
      vertex 20.995 154.442 3
      vertex 20.9962 154.44 1.5
      vertex 20.9962 154.44 3
    endloop
  endfacet
  facet normal -0.987711 -0.156291 0
    outer loop
      vertex 21.05 154.1 1.5
      vertex 20.9962 154.44 3
      vertex 20.9962 154.44 1.5
    endloop
  endfacet
  facet normal -0.987711 -0.156291 0
    outer loop
      vertex 20.9962 154.44 3
      vertex 21.05 154.1 1.5
      vertex 21.05 154.1 3
    endloop
  endfacet
  facet normal -0.70667 0.707543 0
    outer loop
      vertex 20.8399 153.453 1.5
      vertex 20.5966 153.21 3
      vertex 20.8399 153.453 3
    endloop
  endfacet
  facet normal -0.70667 0.707543 0
    outer loop
      vertex 20.5966 153.21 3
      vertex 20.8399 153.453 1.5
      vertex 20.5966 153.21 1.5
    endloop
  endfacet
  facet normal -0.453364 0.891325 0
    outer loop
      vertex 20.5966 153.21 1.5
      vertex 20.2899 153.054 3
      vertex 20.5966 153.21 3
    endloop
  endfacet
  facet normal -0.453364 0.891325 0
    outer loop
      vertex 20.2899 153.054 3
      vertex 20.5966 153.21 1.5
      vertex 20.2899 153.054 1.5
    endloop
  endfacet
  facet normal -0.156903 -0.987614 0
    outer loop
      vertex 19.95 155.2 1.5
      vertex 20.2899 155.146 3
      vertex 19.95 155.2 3
    endloop
  endfacet
  facet normal -0.156903 -0.987614 -0
    outer loop
      vertex 20.2899 155.146 3
      vertex 19.95 155.2 1.5
      vertex 20.2899 155.146 1.5
    endloop
  endfacet
  facet normal 0.70667 -0.707543 0
    outer loop
      vertex 19.0601 154.747 1.5
      vertex 19.3034 154.99 3
      vertex 19.0601 154.747 3
    endloop
  endfacet
  facet normal 0.70667 -0.707543 0
    outer loop
      vertex 19.3034 154.99 3
      vertex 19.0601 154.747 1.5
      vertex 19.3034 154.99 1.5
    endloop
  endfacet
  facet normal 0.987711 0.156291 0
    outer loop
      vertex 18.9038 153.76 3
      vertex 18.85 154.1 1.5
      vertex 18.85 154.1 3
    endloop
  endfacet
  facet normal 0.987711 0.156291 0
    outer loop
      vertex 18.85 154.1 1.5
      vertex 18.9038 153.76 3
      vertex 18.9038 153.76 1.5
    endloop
  endfacet
  facet normal 0.987711 -0.156291 0
    outer loop
      vertex 18.85 154.1 3
      vertex 18.9038 154.44 1.5
      vertex 18.9038 154.44 3
    endloop
  endfacet
  facet normal 0.987711 -0.156291 0
    outer loop
      vertex 18.9038 154.44 1.5
      vertex 18.85 154.1 3
      vertex 18.85 154.1 1.5
    endloop
  endfacet
  facet normal 0.156903 0.987614 -0
    outer loop
      vertex 19.95 153 1.5
      vertex 19.6101 153.054 3
      vertex 19.95 153 3
    endloop
  endfacet
  facet normal 0.156903 0.987614 0
    outer loop
      vertex 19.6101 153.054 3
      vertex 19.95 153 1.5
      vertex 19.6101 153.054 1.5
    endloop
  endfacet
  facet normal 0.891152 0.453704 0
    outer loop
      vertex 19.0601 153.453 3
      vertex 18.9038 153.76 1.5
      vertex 18.9038 153.76 3
    endloop
  endfacet
  facet normal 0.891152 0.453704 0
    outer loop
      vertex 18.9038 153.76 1.5
      vertex 19.0601 153.453 3
      vertex 19.0601 153.453 1.5
    endloop
  endfacet
  facet normal 0.891152 -0.453704 0
    outer loop
      vertex 18.9038 154.44 3
      vertex 19.0601 154.747 1.5
      vertex 19.0601 154.747 3
    endloop
  endfacet
  facet normal 0.891152 -0.453704 0
    outer loop
      vertex 19.0601 154.747 1.5
      vertex 18.9038 154.44 3
      vertex 18.9038 154.44 1.5
    endloop
  endfacet
  facet normal 0.156903 -0.987614 0
    outer loop
      vertex 19.6101 155.146 1.5
      vertex 19.95 155.2 3
      vertex 19.6101 155.146 3
    endloop
  endfacet
  facet normal 0.156903 -0.987614 0
    outer loop
      vertex 19.95 155.2 3
      vertex 19.6101 155.146 1.5
      vertex 19.95 155.2 1.5
    endloop
  endfacet
  facet normal -0.891152 0.453704 0
    outer loop
      vertex 20.8399 153.453 1.5
      vertex 20.9962 153.76 3
      vertex 20.9962 153.76 1.5
    endloop
  endfacet
  facet normal -0.891152 0.453704 0
    outer loop
      vertex 20.9962 153.76 3
      vertex 20.8399 153.453 1.5
      vertex 20.8399 153.453 3
    endloop
  endfacet
  facet normal 0.70667 0.707543 -0
    outer loop
      vertex 19.3034 153.21 1.5
      vertex 19.0601 153.453 3
      vertex 19.3034 153.21 3
    endloop
  endfacet
  facet normal 0.70667 0.707543 0
    outer loop
      vertex 19.0601 153.453 3
      vertex 19.3034 153.21 1.5
      vertex 19.0601 153.453 1.5
    endloop
  endfacet
  facet normal 0.453364 -0.891325 0
    outer loop
      vertex 19.3034 154.99 1.5
      vertex 19.6101 155.146 3
      vertex 19.3034 154.99 3
    endloop
  endfacet
  facet normal 0.453364 -0.891325 0
    outer loop
      vertex 19.6101 155.146 3
      vertex 19.3034 154.99 1.5
      vertex 19.6101 155.146 1.5
    endloop
  endfacet
  facet normal -0.987711 0.156291 0
    outer loop
      vertex 20.9962 153.76 1.5
      vertex 21.05 154.1 3
      vertex 21.05 154.1 1.5
    endloop
  endfacet
  facet normal -0.987711 0.156291 0
    outer loop
      vertex 21.05 154.1 3
      vertex 20.9962 153.76 1.5
      vertex 20.9962 153.76 3
    endloop
  endfacet
  facet normal -0.156903 0.987614 0
    outer loop
      vertex 20.2899 153.054 1.5
      vertex 19.95 153 3
      vertex 20.2899 153.054 3
    endloop
  endfacet
  facet normal -0.156903 0.987614 0
    outer loop
      vertex 19.95 153 3
      vertex 20.2899 153.054 1.5
      vertex 19.95 153 1.5
    endloop
  endfacet
  facet normal -0.449558 -0.893251 0
    outer loop
      vertex 20.2899 155.146 1.5
      vertex 20.3813 155.1 3
      vertex 20.2899 155.146 3
    endloop
  endfacet
  facet normal -0.453364 -0.891325 0.000291005
    outer loop
      vertex 20.5966 154.99 1.5
      vertex 20.3813 155.1 3
      vertex 20.2899 155.146 1.5
    endloop
  endfacet
  facet normal -0.454973 -0.890505 0
    outer loop
      vertex 20.3813 155.1 3
      vertex 20.5966 154.99 1.5
      vertex 20.5966 154.99 3
    endloop
  endfacet
  facet normal -0.70667 -0.707543 0
    outer loop
      vertex 20.5966 154.99 1.5
      vertex 20.8399 154.747 3
      vertex 20.5966 154.99 3
    endloop
  endfacet
  facet normal -0.70667 -0.707543 -0
    outer loop
      vertex 20.8399 154.747 3
      vertex 20.5966 154.99 1.5
      vertex 20.8399 154.747 1.5
    endloop
  endfacet
  facet normal 0.453364 0.891325 -0
    outer loop
      vertex 19.6101 153.054 1.5
      vertex 19.3034 153.21 3
      vertex 19.6101 153.054 3
    endloop
  endfacet
  facet normal 0.453364 0.891325 0
    outer loop
      vertex 19.3034 153.21 3
      vertex 19.6101 153.054 1.5
      vertex 19.3034 153.21 1.5
    endloop
  endfacet
  facet normal 0.891226 0.45356 0
    outer loop
      vertex 18.1297 152.777 1.5
      vertex 17.8101 153.405 0
      vertex 17.8101 153.405 1.5
    endloop
  endfacet
  facet normal 0.891226 0.45356 0
    outer loop
      vertex 17.8101 153.405 0
      vertex 18.1297 152.777 1.5
      vertex 18.1297 152.777 0
    endloop
  endfacet
  facet normal 0.45447 0.890762 -0
    outer loop
      vertex 19.2547 151.96 0
      vertex 18.6275 152.28 1.5
      vertex 19.2547 151.96 1.5
    endloop
  endfacet
  facet normal 0.45447 0.890762 0
    outer loop
      vertex 18.6275 152.28 1.5
      vertex 19.2547 151.96 0
      vertex 18.6275 152.28 0
    endloop
  endfacet
  facet normal -0.891226 -0.45356 0
    outer loop
      vertex 22.0899 154.795 0
      vertex 21.7703 155.423 1.5
      vertex 21.7703 155.423 0
    endloop
  endfacet
  facet normal -0.891226 -0.45356 0
    outer loop
      vertex 21.7703 155.423 1.5
      vertex 22.0899 154.795 0
      vertex 22.0899 154.795 1.5
    endloop
  endfacet
  facet normal -0.987683 -0.156466 0
    outer loop
      vertex 22.2 154.1 0
      vertex 22.0899 154.795 1.5
      vertex 22.0899 154.795 0
    endloop
  endfacet
  facet normal -0.987683 -0.156466 0
    outer loop
      vertex 22.0899 154.795 1.5
      vertex 22.2 154.1 0
      vertex 22.2 154.1 1.5
    endloop
  endfacet
  facet normal -0.706538 -0.707675 0
    outer loop
      vertex 21.7703 155.423 0
      vertex 21.2725 155.92 1.5
      vertex 21.2725 155.92 0
    endloop
  endfacet
  facet normal -0.706538 -0.707675 0
    outer loop
      vertex 21.2725 155.92 1.5
      vertex 21.7703 155.423 0
      vertex 21.7703 155.423 1.5
    endloop
  endfacet
  facet normal -0.45447 0.890762 0
    outer loop
      vertex 21.2725 152.28 0
      vertex 20.6453 151.96 1.5
      vertex 21.2725 152.28 1.5
    endloop
  endfacet
  facet normal -0.45447 0.890762 0
    outer loop
      vertex 20.6453 151.96 1.5
      vertex 21.2725 152.28 0
      vertex 20.6453 151.96 0
    endloop
  endfacet
  facet normal 0.706538 -0.707675 0
    outer loop
      vertex 18.1297 155.423 1.5
      vertex 18.6275 155.92 0
      vertex 18.6275 155.92 1.5
    endloop
  endfacet
  facet normal 0.706538 -0.707675 0
    outer loop
      vertex 18.6275 155.92 0
      vertex 18.1297 155.423 1.5
      vertex 18.1297 155.423 0
    endloop
  endfacet
  facet normal -0.706538 0.707675 0
    outer loop
      vertex 21.2725 152.28 0
      vertex 21.7703 152.777 1.5
      vertex 21.7703 152.777 0
    endloop
  endfacet
  facet normal -0.706538 0.707675 0
    outer loop
      vertex 21.7703 152.777 1.5
      vertex 21.2725 152.28 0
      vertex 21.2725 152.28 1.5
    endloop
  endfacet
  facet normal -0.987683 0.156466 0
    outer loop
      vertex 22.0899 153.405 0
      vertex 22.2 154.1 1.5
      vertex 22.2 154.1 0
    endloop
  endfacet
  facet normal -0.987683 0.156466 0
    outer loop
      vertex 22.2 154.1 1.5
      vertex 22.0899 153.405 0
      vertex 22.0899 153.405 1.5
    endloop
  endfacet
  facet normal 0.156262 -0.987716 0
    outer loop
      vertex 19.2547 156.24 0
      vertex 19.95 156.35 1.5
      vertex 19.2547 156.24 1.5
    endloop
  endfacet
  facet normal 0.156262 -0.987716 0
    outer loop
      vertex 19.95 156.35 1.5
      vertex 19.2547 156.24 0
      vertex 19.95 156.35 0
    endloop
  endfacet
  facet normal 0.987683 -0.156466 0
    outer loop
      vertex 17.7 154.1 1.5
      vertex 17.8101 154.795 0
      vertex 17.8101 154.795 1.5
    endloop
  endfacet
  facet normal 0.987683 -0.156466 0
    outer loop
      vertex 17.8101 154.795 0
      vertex 17.7 154.1 1.5
      vertex 17.7 154.1 0
    endloop
  endfacet
  facet normal 0.987683 0.156466 0
    outer loop
      vertex 17.8101 153.405 1.5
      vertex 17.7 154.1 0
      vertex 17.7 154.1 1.5
    endloop
  endfacet
  facet normal 0.987683 0.156466 0
    outer loop
      vertex 17.7 154.1 0
      vertex 17.8101 153.405 1.5
      vertex 17.8101 153.405 0
    endloop
  endfacet
  facet normal 0.45447 -0.890762 0
    outer loop
      vertex 18.6275 155.92 0
      vertex 19.2547 156.24 1.5
      vertex 18.6275 155.92 1.5
    endloop
  endfacet
  facet normal 0.45447 -0.890762 0
    outer loop
      vertex 19.2547 156.24 1.5
      vertex 18.6275 155.92 0
      vertex 19.2547 156.24 0
    endloop
  endfacet
  facet normal 0.156262 0.987716 -0
    outer loop
      vertex 19.95 151.85 0
      vertex 19.2547 151.96 1.5
      vertex 19.95 151.85 1.5
    endloop
  endfacet
  facet normal 0.156262 0.987716 0
    outer loop
      vertex 19.2547 151.96 1.5
      vertex 19.95 151.85 0
      vertex 19.2547 151.96 0
    endloop
  endfacet
  facet normal -0.891226 0.45356 0
    outer loop
      vertex 21.7703 152.777 0
      vertex 22.0899 153.405 1.5
      vertex 22.0899 153.405 0
    endloop
  endfacet
  facet normal -0.891226 0.45356 0
    outer loop
      vertex 22.0899 153.405 1.5
      vertex 21.7703 152.777 0
      vertex 21.7703 152.777 1.5
    endloop
  endfacet
  facet normal -0.156262 -0.987716 0
    outer loop
      vertex 19.95 156.35 0
      vertex 20.6453 156.24 1.5
      vertex 19.95 156.35 1.5
    endloop
  endfacet
  facet normal -0.156262 -0.987716 -0
    outer loop
      vertex 20.6453 156.24 1.5
      vertex 19.95 156.35 0
      vertex 20.6453 156.24 0
    endloop
  endfacet
  facet normal 0.891226 -0.45356 0
    outer loop
      vertex 17.8101 154.795 1.5
      vertex 18.1297 155.423 0
      vertex 18.1297 155.423 1.5
    endloop
  endfacet
  facet normal 0.891226 -0.45356 0
    outer loop
      vertex 18.1297 155.423 0
      vertex 17.8101 154.795 1.5
      vertex 17.8101 154.795 0
    endloop
  endfacet
  facet normal 0 0 -1
    outer loop
      vertex 21.05 154.1 1.5
      vertex 22.2 154.1 1.5
      vertex 22.0899 153.405 1.5
    endloop
  endfacet
  facet normal 0 0 -1
    outer loop
      vertex 20.9962 153.76 1.5
      vertex 22.0899 153.405 1.5
      vertex 21.7703 152.777 1.5
    endloop
  endfacet
  facet normal 0 0 -1
    outer loop
      vertex 22.2 154.1 1.5
      vertex 21.05 154.1 1.5
      vertex 22.0899 154.795 1.5
    endloop
  endfacet
  facet normal 0 0 -1
    outer loop
      vertex 20.8399 153.453 1.5
      vertex 21.7703 152.777 1.5
      vertex 21.2725 152.28 1.5
    endloop
  endfacet
  facet normal 0 0 -1
    outer loop
      vertex 20.9962 154.44 1.5
      vertex 22.0899 154.795 1.5
      vertex 21.05 154.1 1.5
    endloop
  endfacet
  facet normal -0 0 -1
    outer loop
      vertex 22.0899 154.795 1.5
      vertex 20.9962 154.44 1.5
      vertex 21.7703 155.423 1.5
    endloop
  endfacet
  facet normal 0 0 -1
    outer loop
      vertex 22.0899 153.405 1.5
      vertex 20.9962 153.76 1.5
      vertex 21.05 154.1 1.5
    endloop
  endfacet
  facet normal 0 0 -1
    outer loop
      vertex 21.7703 152.777 1.5
      vertex 20.8399 153.453 1.5
      vertex 20.9962 153.76 1.5
    endloop
  endfacet
  facet normal 0 0 -1
    outer loop
      vertex 20.5966 153.21 1.5
      vertex 21.2725 152.28 1.5
      vertex 20.6453 151.96 1.5
    endloop
  endfacet
  facet normal 0 0 -1
    outer loop
      vertex 21.2725 152.28 1.5
      vertex 20.5966 153.21 1.5
      vertex 20.8399 153.453 1.5
    endloop
  endfacet
  facet normal 0 0 -1
    outer loop
      vertex 20.6453 151.96 1.5
      vertex 20.2899 153.054 1.5
      vertex 20.5966 153.21 1.5
    endloop
  endfacet
  facet normal 0 0 -1
    outer loop
      vertex 19.95 151.85 1.5
      vertex 20.2899 153.054 1.5
      vertex 20.6453 151.96 1.5
    endloop
  endfacet
  facet normal 0 0 -1
    outer loop
      vertex 19.95 151.85 1.5
      vertex 19.95 153 1.5
      vertex 20.2899 153.054 1.5
    endloop
  endfacet
  facet normal 0 0 -1
    outer loop
      vertex 19.95 151.85 1.5
      vertex 19.6101 153.054 1.5
      vertex 19.95 153 1.5
    endloop
  endfacet
  facet normal 0 0 -1
    outer loop
      vertex 19.2547 151.96 1.5
      vertex 19.6101 153.054 1.5
      vertex 19.95 151.85 1.5
    endloop
  endfacet
  facet normal -0 0 -1
    outer loop
      vertex 19.6101 153.054 1.5
      vertex 19.2547 151.96 1.5
      vertex 19.3034 153.21 1.5
    endloop
  endfacet
  facet normal 0 0 -1
    outer loop
      vertex 18.6275 152.28 1.5
      vertex 19.3034 153.21 1.5
      vertex 19.2547 151.96 1.5
    endloop
  endfacet
  facet normal -0 0 -1
    outer loop
      vertex 19.3034 153.21 1.5
      vertex 18.6275 152.28 1.5
      vertex 19.0601 153.453 1.5
    endloop
  endfacet
  facet normal -0 0 -1
    outer loop
      vertex 19.0601 153.453 1.5
      vertex 18.1297 152.777 1.5
      vertex 18.9038 153.76 1.5
    endloop
  endfacet
  facet normal 0 0 -1
    outer loop
      vertex 18.1297 152.777 1.5
      vertex 19.0601 153.453 1.5
      vertex 18.6275 152.28 1.5
    endloop
  endfacet
  facet normal 0 0 -1
    outer loop
      vertex 20.8399 154.747 1.5
      vertex 21.7703 155.423 1.5
      vertex 20.9962 154.44 1.5
    endloop
  endfacet
  facet normal -0 0 -1
    outer loop
      vertex 21.7703 155.423 1.5
      vertex 20.8399 154.747 1.5
      vertex 21.2725 155.92 1.5
    endloop
  endfacet
  facet normal 0 0 -1
    outer loop
      vertex 20.5966 154.99 1.5
      vertex 21.2725 155.92 1.5
      vertex 20.8399 154.747 1.5
    endloop
  endfacet
  facet normal -0 0 -1
    outer loop
      vertex 21.2725 155.92 1.5
      vertex 20.5966 154.99 1.5
      vertex 20.6453 156.24 1.5
    endloop
  endfacet
  facet normal 0 0 -1
    outer loop
      vertex 20.2899 155.146 1.5
      vertex 20.6453 156.24 1.5
      vertex 20.5966 154.99 1.5
    endloop
  endfacet
  facet normal 0 0 -1
    outer loop
      vertex 19.95 155.2 1.5
      vertex 20.6453 156.24 1.5
      vertex 20.2899 155.146 1.5
    endloop
  endfacet
  facet normal 0 0 -1
    outer loop
      vertex 19.95 155.2 1.5
      vertex 19.95 156.35 1.5
      vertex 20.6453 156.24 1.5
    endloop
  endfacet
  facet normal 0 0 -1
    outer loop
      vertex 19.6101 155.146 1.5
      vertex 19.95 156.35 1.5
      vertex 19.95 155.2 1.5
    endloop
  endfacet
  facet normal 0 0 -1
    outer loop
      vertex 19.2547 156.24 1.5
      vertex 19.6101 155.146 1.5
      vertex 19.3034 154.99 1.5
    endloop
  endfacet
  facet normal 0 0 -1
    outer loop
      vertex 19.6101 155.146 1.5
      vertex 19.2547 156.24 1.5
      vertex 19.95 156.35 1.5
    endloop
  endfacet
  facet normal 0 0 -1
    outer loop
      vertex 18.6275 155.92 1.5
      vertex 19.3034 154.99 1.5
      vertex 19.0601 154.747 1.5
    endloop
  endfacet
  facet normal 0 0 -1
    outer loop
      vertex 18.1297 155.423 1.5
      vertex 19.0601 154.747 1.5
      vertex 18.9038 154.44 1.5
    endloop
  endfacet
  facet normal 0 0 -1
    outer loop
      vertex 19.3034 154.99 1.5
      vertex 18.6275 155.92 1.5
      vertex 19.2547 156.24 1.5
    endloop
  endfacet
  facet normal 0 0 -1
    outer loop
      vertex 17.8101 154.795 1.5
      vertex 18.9038 154.44 1.5
      vertex 18.85 154.1 1.5
    endloop
  endfacet
  facet normal 0 0 -1
    outer loop
      vertex 17.8101 153.405 1.5
      vertex 18.9038 153.76 1.5
      vertex 18.1297 152.777 1.5
    endloop
  endfacet
  facet normal -0 0 -1
    outer loop
      vertex 18.9038 153.76 1.5
      vertex 17.8101 153.405 1.5
      vertex 18.85 154.1 1.5
    endloop
  endfacet
  facet normal 0 0 -1
    outer loop
      vertex 19.0601 154.747 1.5
      vertex 18.1297 155.423 1.5
      vertex 18.6275 155.92 1.5
    endloop
  endfacet
  facet normal 0 0 -1
    outer loop
      vertex 17.7 154.1 1.5
      vertex 18.85 154.1 1.5
      vertex 17.8101 153.405 1.5
    endloop
  endfacet
  facet normal 0 0 -1
    outer loop
      vertex 18.9038 154.44 1.5
      vertex 17.8101 154.795 1.5
      vertex 18.1297 155.423 1.5
    endloop
  endfacet
  facet normal 0 0 -1
    outer loop
      vertex 18.85 154.1 1.5
      vertex 17.7 154.1 1.5
      vertex 17.8101 154.795 1.5
    endloop
  endfacet
  facet normal 0.706538 0.707675 0
    outer loop
      vertex 18.6275 152.28 1.5
      vertex 18.1297 152.777 0
      vertex 18.1297 152.777 1.5
    endloop
  endfacet
  facet normal 0.706538 0.707675 0
    outer loop
      vertex 18.1297 152.777 0
      vertex 18.6275 152.28 1.5
      vertex 18.6275 152.28 0
    endloop
  endfacet
  facet normal -0.45447 -0.890762 0
    outer loop
      vertex 20.6453 156.24 0
      vertex 21.2725 155.92 1.5
      vertex 20.6453 156.24 1.5
    endloop
  endfacet
  facet normal -0.45447 -0.890762 -0
    outer loop
      vertex 21.2725 155.92 1.5
      vertex 20.6453 156.24 0
      vertex 21.2725 155.92 0
    endloop
  endfacet
  facet normal -0.156262 0.987716 0
    outer loop
      vertex 20.6453 151.96 0
      vertex 19.95 151.85 1.5
      vertex 20.6453 151.96 1.5
    endloop
  endfacet
  facet normal -0.156262 0.987716 0
    outer loop
      vertex 19.95 151.85 1.5
      vertex 20.6453 151.96 0
      vertex 19.95 151.85 0
    endloop
  endfacet
  facet normal -0.891367 -0.453282 0
    outer loop
      vertex 72.8399 154.747 1.5
      vertex 72.995 154.442 3
      vertex 72.8399 154.747 3
    endloop
  endfacet
  facet normal -0.891152 -0.453704 -0.000107983
    outer loop
      vertex 72.9962 154.44 1.5
      vertex 72.995 154.442 3
      vertex 72.8399 154.747 1.5
    endloop
  endfacet
  facet normal -0.857493 -0.514496 0
    outer loop
      vertex 72.995 154.442 3
      vertex 72.9962 154.44 1.5
      vertex 72.9962 154.44 3
    endloop
  endfacet
  facet normal -0.987711 -0.156291 0
    outer loop
      vertex 73.05 154.1 1.5
      vertex 72.9962 154.44 3
      vertex 72.9962 154.44 1.5
    endloop
  endfacet
  facet normal -0.987711 -0.156291 0
    outer loop
      vertex 72.9962 154.44 3
      vertex 73.05 154.1 1.5
      vertex 73.05 154.1 3
    endloop
  endfacet
  facet normal -0.70667 0.707543 0
    outer loop
      vertex 72.8399 153.453 1.5
      vertex 72.5966 153.21 3
      vertex 72.8399 153.453 3
    endloop
  endfacet
  facet normal -0.70667 0.707543 0
    outer loop
      vertex 72.5966 153.21 3
      vertex 72.8399 153.453 1.5
      vertex 72.5966 153.21 1.5
    endloop
  endfacet
  facet normal -0.453364 0.891325 0
    outer loop
      vertex 72.5966 153.21 1.5
      vertex 72.2899 153.054 3
      vertex 72.5966 153.21 3
    endloop
  endfacet
  facet normal -0.453364 0.891325 0
    outer loop
      vertex 72.2899 153.054 3
      vertex 72.5966 153.21 1.5
      vertex 72.2899 153.054 1.5
    endloop
  endfacet
  facet normal -0.156903 -0.987614 0
    outer loop
      vertex 71.95 155.2 1.5
      vertex 72.2899 155.146 3
      vertex 71.95 155.2 3
    endloop
  endfacet
  facet normal -0.156903 -0.987614 -0
    outer loop
      vertex 72.2899 155.146 3
      vertex 71.95 155.2 1.5
      vertex 72.2899 155.146 1.5
    endloop
  endfacet
  facet normal 0.70667 -0.707543 0
    outer loop
      vertex 71.0601 154.747 1.5
      vertex 71.3034 154.99 3
      vertex 71.0601 154.747 3
    endloop
  endfacet
  facet normal 0.70667 -0.707543 0
    outer loop
      vertex 71.3034 154.99 3
      vertex 71.0601 154.747 1.5
      vertex 71.3034 154.99 1.5
    endloop
  endfacet
  facet normal 0.987711 0.156291 0
    outer loop
      vertex 70.9038 153.76 3
      vertex 70.85 154.1 1.5
      vertex 70.85 154.1 3
    endloop
  endfacet
  facet normal 0.987711 0.156291 0
    outer loop
      vertex 70.85 154.1 1.5
      vertex 70.9038 153.76 3
      vertex 70.9038 153.76 1.5
    endloop
  endfacet
  facet normal 0.987711 -0.156291 0
    outer loop
      vertex 70.85 154.1 3
      vertex 70.9038 154.44 1.5
      vertex 70.9038 154.44 3
    endloop
  endfacet
  facet normal 0.987711 -0.156291 0
    outer loop
      vertex 70.9038 154.44 1.5
      vertex 70.85 154.1 3
      vertex 70.85 154.1 1.5
    endloop
  endfacet
  facet normal 0.156903 0.987614 -0
    outer loop
      vertex 71.95 153 1.5
      vertex 71.6101 153.054 3
      vertex 71.95 153 3
    endloop
  endfacet
  facet normal 0.156903 0.987614 0
    outer loop
      vertex 71.6101 153.054 3
      vertex 71.95 153 1.5
      vertex 71.6101 153.054 1.5
    endloop
  endfacet
  facet normal 0.891152 0.453704 0
    outer loop
      vertex 71.0601 153.453 3
      vertex 70.9038 153.76 1.5
      vertex 70.9038 153.76 3
    endloop
  endfacet
  facet normal 0.891152 0.453704 0
    outer loop
      vertex 70.9038 153.76 1.5
      vertex 71.0601 153.453 3
      vertex 71.0601 153.453 1.5
    endloop
  endfacet
  facet normal 0.891152 -0.453704 0
    outer loop
      vertex 70.9038 154.44 3
      vertex 71.0601 154.747 1.5
      vertex 71.0601 154.747 3
    endloop
  endfacet
  facet normal 0.891152 -0.453704 0
    outer loop
      vertex 71.0601 154.747 1.5
      vertex 70.9038 154.44 3
      vertex 70.9038 154.44 1.5
    endloop
  endfacet
  facet normal 0.156903 -0.987614 0
    outer loop
      vertex 71.6101 155.146 1.5
      vertex 71.95 155.2 3
      vertex 71.6101 155.146 3
    endloop
  endfacet
  facet normal 0.156903 -0.987614 0
    outer loop
      vertex 71.95 155.2 3
      vertex 71.6101 155.146 1.5
      vertex 71.95 155.2 1.5
    endloop
  endfacet
  facet normal -0.891152 0.453704 0
    outer loop
      vertex 72.8399 153.453 1.5
      vertex 72.9962 153.76 3
      vertex 72.9962 153.76 1.5
    endloop
  endfacet
  facet normal -0.891152 0.453704 0
    outer loop
      vertex 72.9962 153.76 3
      vertex 72.8399 153.453 1.5
      vertex 72.8399 153.453 3
    endloop
  endfacet
  facet normal 0.70667 0.707543 -0
    outer loop
      vertex 71.3034 153.21 1.5
      vertex 71.0601 153.453 3
      vertex 71.3034 153.21 3
    endloop
  endfacet
  facet normal 0.70667 0.707543 0
    outer loop
      vertex 71.0601 153.453 3
      vertex 71.3034 153.21 1.5
      vertex 71.0601 153.453 1.5
    endloop
  endfacet
  facet normal 0.453364 -0.891325 0
    outer loop
      vertex 71.3034 154.99 1.5
      vertex 71.6101 155.146 3
      vertex 71.3034 154.99 3
    endloop
  endfacet
  facet normal 0.453364 -0.891325 0
    outer loop
      vertex 71.6101 155.146 3
      vertex 71.3034 154.99 1.5
      vertex 71.6101 155.146 1.5
    endloop
  endfacet
  facet normal -0.987711 0.156291 0
    outer loop
      vertex 72.9962 153.76 1.5
      vertex 73.05 154.1 3
      vertex 73.05 154.1 1.5
    endloop
  endfacet
  facet normal -0.987711 0.156291 0
    outer loop
      vertex 73.05 154.1 3
      vertex 72.9962 153.76 1.5
      vertex 72.9962 153.76 3
    endloop
  endfacet
  facet normal -0.156903 0.987614 0
    outer loop
      vertex 72.2899 153.054 1.5
      vertex 71.95 153 3
      vertex 72.2899 153.054 3
    endloop
  endfacet
  facet normal -0.156903 0.987614 0
    outer loop
      vertex 71.95 153 3
      vertex 72.2899 153.054 1.5
      vertex 71.95 153 1.5
    endloop
  endfacet
  facet normal -0.70667 -0.707543 0
    outer loop
      vertex 72.5966 154.99 1.5
      vertex 72.8399 154.747 3
      vertex 72.5966 154.99 3
    endloop
  endfacet
  facet normal -0.70667 -0.707543 -0
    outer loop
      vertex 72.8399 154.747 3
      vertex 72.5966 154.99 1.5
      vertex 72.8399 154.747 1.5
    endloop
  endfacet
  facet normal -0.449558 -0.893251 0
    outer loop
      vertex 72.2899 155.146 1.5
      vertex 72.3813 155.1 3
      vertex 72.2899 155.146 3
    endloop
  endfacet
  facet normal -0.453364 -0.891325 0.000291005
    outer loop
      vertex 72.5966 154.99 1.5
      vertex 72.3813 155.1 3
      vertex 72.2899 155.146 1.5
    endloop
  endfacet
  facet normal -0.454973 -0.890505 0
    outer loop
      vertex 72.3813 155.1 3
      vertex 72.5966 154.99 1.5
      vertex 72.5966 154.99 3
    endloop
  endfacet
  facet normal 0.453364 0.891325 -0
    outer loop
      vertex 71.6101 153.054 1.5
      vertex 71.3034 153.21 3
      vertex 71.6101 153.054 3
    endloop
  endfacet
  facet normal 0.453364 0.891325 0
    outer loop
      vertex 71.3034 153.21 3
      vertex 71.6101 153.054 1.5
      vertex 71.3034 153.21 1.5
    endloop
  endfacet
  facet normal 0.891226 0.45356 0
    outer loop
      vertex 70.1297 152.777 1.5
      vertex 69.8101 153.405 0
      vertex 69.8101 153.405 1.5
    endloop
  endfacet
  facet normal 0.891226 0.45356 0
    outer loop
      vertex 69.8101 153.405 0
      vertex 70.1297 152.777 1.5
      vertex 70.1297 152.777 0
    endloop
  endfacet
  facet normal 0.45447 0.890762 -0
    outer loop
      vertex 71.2547 151.96 0
      vertex 70.6275 152.28 1.5
      vertex 71.2547 151.96 1.5
    endloop
  endfacet
  facet normal 0.45447 0.890762 0
    outer loop
      vertex 70.6275 152.28 1.5
      vertex 71.2547 151.96 0
      vertex 70.6275 152.28 0
    endloop
  endfacet
  facet normal -0.891226 -0.45356 0
    outer loop
      vertex 74.0899 154.795 0
      vertex 73.7703 155.423 1.5
      vertex 73.7703 155.423 0
    endloop
  endfacet
  facet normal -0.891226 -0.45356 0
    outer loop
      vertex 73.7703 155.423 1.5
      vertex 74.0899 154.795 0
      vertex 74.0899 154.795 1.5
    endloop
  endfacet
  facet normal -0.987683 -0.156466 0
    outer loop
      vertex 74.2 154.1 0
      vertex 74.0899 154.795 1.5
      vertex 74.0899 154.795 0
    endloop
  endfacet
  facet normal -0.987683 -0.156466 0
    outer loop
      vertex 74.0899 154.795 1.5
      vertex 74.2 154.1 0
      vertex 74.2 154.1 1.5
    endloop
  endfacet
  facet normal -0.706538 -0.707675 0
    outer loop
      vertex 73.7703 155.423 0
      vertex 73.2725 155.92 1.5
      vertex 73.2725 155.92 0
    endloop
  endfacet
  facet normal -0.706538 -0.707675 0
    outer loop
      vertex 73.2725 155.92 1.5
      vertex 73.7703 155.423 0
      vertex 73.7703 155.423 1.5
    endloop
  endfacet
  facet normal -0.45447 0.890762 0
    outer loop
      vertex 73.2725 152.28 0
      vertex 72.6453 151.96 1.5
      vertex 73.2725 152.28 1.5
    endloop
  endfacet
  facet normal -0.45447 0.890762 0
    outer loop
      vertex 72.6453 151.96 1.5
      vertex 73.2725 152.28 0
      vertex 72.6453 151.96 0
    endloop
  endfacet
  facet normal 0.706538 -0.707675 0
    outer loop
      vertex 70.1297 155.423 1.5
      vertex 70.6275 155.92 0
      vertex 70.6275 155.92 1.5
    endloop
  endfacet
  facet normal 0.706538 -0.707675 0
    outer loop
      vertex 70.6275 155.92 0
      vertex 70.1297 155.423 1.5
      vertex 70.1297 155.423 0
    endloop
  endfacet
  facet normal -0.706538 0.707675 0
    outer loop
      vertex 73.2725 152.28 0
      vertex 73.7703 152.777 1.5
      vertex 73.7703 152.777 0
    endloop
  endfacet
  facet normal -0.706538 0.707675 0
    outer loop
      vertex 73.7703 152.777 1.5
      vertex 73.2725 152.28 0
      vertex 73.2725 152.28 1.5
    endloop
  endfacet
  facet normal -0.987683 0.156466 0
    outer loop
      vertex 74.0899 153.405 0
      vertex 74.2 154.1 1.5
      vertex 74.2 154.1 0
    endloop
  endfacet
  facet normal -0.987683 0.156466 0
    outer loop
      vertex 74.2 154.1 1.5
      vertex 74.0899 153.405 0
      vertex 74.0899 153.405 1.5
    endloop
  endfacet
  facet normal 0.156262 -0.987716 0
    outer loop
      vertex 71.2547 156.24 0
      vertex 71.95 156.35 1.5
      vertex 71.2547 156.24 1.5
    endloop
  endfacet
  facet normal 0.156262 -0.987716 0
    outer loop
      vertex 71.95 156.35 1.5
      vertex 71.2547 156.24 0
      vertex 71.95 156.35 0
    endloop
  endfacet
  facet normal 0.987683 -0.156466 0
    outer loop
      vertex 69.7 154.1 1.5
      vertex 69.8101 154.795 0
      vertex 69.8101 154.795 1.5
    endloop
  endfacet
  facet normal 0.987683 -0.156466 0
    outer loop
      vertex 69.8101 154.795 0
      vertex 69.7 154.1 1.5
      vertex 69.7 154.1 0
    endloop
  endfacet
  facet normal 0.987683 0.156466 0
    outer loop
      vertex 69.8101 153.405 1.5
      vertex 69.7 154.1 0
      vertex 69.7 154.1 1.5
    endloop
  endfacet
  facet normal 0.987683 0.156466 0
    outer loop
      vertex 69.7 154.1 0
      vertex 69.8101 153.405 1.5
      vertex 69.8101 153.405 0
    endloop
  endfacet
  facet normal 0.45447 -0.890762 0
    outer loop
      vertex 70.6275 155.92 0
      vertex 71.2547 156.24 1.5
      vertex 70.6275 155.92 1.5
    endloop
  endfacet
  facet normal 0.45447 -0.890762 0
    outer loop
      vertex 71.2547 156.24 1.5
      vertex 70.6275 155.92 0
      vertex 71.2547 156.24 0
    endloop
  endfacet
  facet normal 0.156262 0.987716 -0
    outer loop
      vertex 71.95 151.85 0
      vertex 71.2547 151.96 1.5
      vertex 71.95 151.85 1.5
    endloop
  endfacet
  facet normal 0.156262 0.987716 0
    outer loop
      vertex 71.2547 151.96 1.5
      vertex 71.95 151.85 0
      vertex 71.2547 151.96 0
    endloop
  endfacet
  facet normal -0.891226 0.45356 0
    outer loop
      vertex 73.7703 152.777 0
      vertex 74.0899 153.405 1.5
      vertex 74.0899 153.405 0
    endloop
  endfacet
  facet normal -0.891226 0.45356 0
    outer loop
      vertex 74.0899 153.405 1.5
      vertex 73.7703 152.777 0
      vertex 73.7703 152.777 1.5
    endloop
  endfacet
  facet normal -0.156262 -0.987716 0
    outer loop
      vertex 71.95 156.35 0
      vertex 72.6453 156.24 1.5
      vertex 71.95 156.35 1.5
    endloop
  endfacet
  facet normal -0.156262 -0.987716 -0
    outer loop
      vertex 72.6453 156.24 1.5
      vertex 71.95 156.35 0
      vertex 72.6453 156.24 0
    endloop
  endfacet
  facet normal 0.891226 -0.45356 0
    outer loop
      vertex 69.8101 154.795 1.5
      vertex 70.1297 155.423 0
      vertex 70.1297 155.423 1.5
    endloop
  endfacet
  facet normal 0.891226 -0.45356 0
    outer loop
      vertex 70.1297 155.423 0
      vertex 69.8101 154.795 1.5
      vertex 69.8101 154.795 0
    endloop
  endfacet
  facet normal 0 0 -1
    outer loop
      vertex 73.05 154.1 1.5
      vertex 74.2 154.1 1.5
      vertex 74.0899 153.405 1.5
    endloop
  endfacet
  facet normal 0 0 -1
    outer loop
      vertex 72.9962 153.76 1.5
      vertex 74.0899 153.405 1.5
      vertex 73.7703 152.777 1.5
    endloop
  endfacet
  facet normal 0 0 -1
    outer loop
      vertex 74.2 154.1 1.5
      vertex 73.05 154.1 1.5
      vertex 74.0899 154.795 1.5
    endloop
  endfacet
  facet normal 0 0 -1
    outer loop
      vertex 72.8399 153.453 1.5
      vertex 73.7703 152.777 1.5
      vertex 73.2725 152.28 1.5
    endloop
  endfacet
  facet normal 0 0 -1
    outer loop
      vertex 72.9962 154.44 1.5
      vertex 74.0899 154.795 1.5
      vertex 73.05 154.1 1.5
    endloop
  endfacet
  facet normal -0 0 -1
    outer loop
      vertex 74.0899 154.795 1.5
      vertex 72.9962 154.44 1.5
      vertex 73.7703 155.423 1.5
    endloop
  endfacet
  facet normal 0 0 -1
    outer loop
      vertex 74.0899 153.405 1.5
      vertex 72.9962 153.76 1.5
      vertex 73.05 154.1 1.5
    endloop
  endfacet
  facet normal 0 0 -1
    outer loop
      vertex 73.7703 152.777 1.5
      vertex 72.8399 153.453 1.5
      vertex 72.9962 153.76 1.5
    endloop
  endfacet
  facet normal 0 0 -1
    outer loop
      vertex 72.5966 153.21 1.5
      vertex 73.2725 152.28 1.5
      vertex 72.6453 151.96 1.5
    endloop
  endfacet
  facet normal 0 0 -1
    outer loop
      vertex 73.2725 152.28 1.5
      vertex 72.5966 153.21 1.5
      vertex 72.8399 153.453 1.5
    endloop
  endfacet
  facet normal 0 0 -1
    outer loop
      vertex 72.6453 151.96 1.5
      vertex 72.2899 153.054 1.5
      vertex 72.5966 153.21 1.5
    endloop
  endfacet
  facet normal 0 0 -1
    outer loop
      vertex 71.95 151.85 1.5
      vertex 72.2899 153.054 1.5
      vertex 72.6453 151.96 1.5
    endloop
  endfacet
  facet normal 0 0 -1
    outer loop
      vertex 71.95 151.85 1.5
      vertex 71.95 153 1.5
      vertex 72.2899 153.054 1.5
    endloop
  endfacet
  facet normal 0 0 -1
    outer loop
      vertex 71.95 151.85 1.5
      vertex 71.6101 153.054 1.5
      vertex 71.95 153 1.5
    endloop
  endfacet
  facet normal 0 0 -1
    outer loop
      vertex 71.2547 151.96 1.5
      vertex 71.6101 153.054 1.5
      vertex 71.95 151.85 1.5
    endloop
  endfacet
  facet normal -0 0 -1
    outer loop
      vertex 71.6101 153.054 1.5
      vertex 71.2547 151.96 1.5
      vertex 71.3034 153.21 1.5
    endloop
  endfacet
  facet normal 0 0 -1
    outer loop
      vertex 70.6275 152.28 1.5
      vertex 71.3034 153.21 1.5
      vertex 71.2547 151.96 1.5
    endloop
  endfacet
  facet normal -0 0 -1
    outer loop
      vertex 71.3034 153.21 1.5
      vertex 70.6275 152.28 1.5
      vertex 71.0601 153.453 1.5
    endloop
  endfacet
  facet normal -0 0 -1
    outer loop
      vertex 71.0601 153.453 1.5
      vertex 70.1297 152.777 1.5
      vertex 70.9038 153.76 1.5
    endloop
  endfacet
  facet normal 0 0 -1
    outer loop
      vertex 70.1297 152.777 1.5
      vertex 71.0601 153.453 1.5
      vertex 70.6275 152.28 1.5
    endloop
  endfacet
  facet normal 0 0 -1
    outer loop
      vertex 72.8399 154.747 1.5
      vertex 73.7703 155.423 1.5
      vertex 72.9962 154.44 1.5
    endloop
  endfacet
  facet normal -0 0 -1
    outer loop
      vertex 73.7703 155.423 1.5
      vertex 72.8399 154.747 1.5
      vertex 73.2725 155.92 1.5
    endloop
  endfacet
  facet normal 0 0 -1
    outer loop
      vertex 72.5966 154.99 1.5
      vertex 73.2725 155.92 1.5
      vertex 72.8399 154.747 1.5
    endloop
  endfacet
  facet normal -0 0 -1
    outer loop
      vertex 73.2725 155.92 1.5
      vertex 72.5966 154.99 1.5
      vertex 72.6453 156.24 1.5
    endloop
  endfacet
  facet normal 0 0 -1
    outer loop
      vertex 72.2899 155.146 1.5
      vertex 72.6453 156.24 1.5
      vertex 72.5966 154.99 1.5
    endloop
  endfacet
  facet normal 0 0 -1
    outer loop
      vertex 71.95 155.2 1.5
      vertex 72.6453 156.24 1.5
      vertex 72.2899 155.146 1.5
    endloop
  endfacet
  facet normal 0 0 -1
    outer loop
      vertex 71.95 155.2 1.5
      vertex 71.95 156.35 1.5
      vertex 72.6453 156.24 1.5
    endloop
  endfacet
  facet normal 0 0 -1
    outer loop
      vertex 71.6101 155.146 1.5
      vertex 71.95 156.35 1.5
      vertex 71.95 155.2 1.5
    endloop
  endfacet
  facet normal 0 0 -1
    outer loop
      vertex 71.2547 156.24 1.5
      vertex 71.6101 155.146 1.5
      vertex 71.3034 154.99 1.5
    endloop
  endfacet
  facet normal 0 0 -1
    outer loop
      vertex 71.6101 155.146 1.5
      vertex 71.2547 156.24 1.5
      vertex 71.95 156.35 1.5
    endloop
  endfacet
  facet normal 0 0 -1
    outer loop
      vertex 70.6275 155.92 1.5
      vertex 71.3034 154.99 1.5
      vertex 71.0601 154.747 1.5
    endloop
  endfacet
  facet normal 0 0 -1
    outer loop
      vertex 70.1297 155.423 1.5
      vertex 71.0601 154.747 1.5
      vertex 70.9038 154.44 1.5
    endloop
  endfacet
  facet normal 0 0 -1
    outer loop
      vertex 71.3034 154.99 1.5
      vertex 70.6275 155.92 1.5
      vertex 71.2547 156.24 1.5
    endloop
  endfacet
  facet normal 0 0 -1
    outer loop
      vertex 69.8101 154.795 1.5
      vertex 70.9038 154.44 1.5
      vertex 70.85 154.1 1.5
    endloop
  endfacet
  facet normal 0 0 -1
    outer loop
      vertex 69.8101 153.405 1.5
      vertex 70.9038 153.76 1.5
      vertex 70.1297 152.777 1.5
    endloop
  endfacet
  facet normal -0 0 -1
    outer loop
      vertex 70.9038 153.76 1.5
      vertex 69.8101 153.405 1.5
      vertex 70.85 154.1 1.5
    endloop
  endfacet
  facet normal 0 0 -1
    outer loop
      vertex 71.0601 154.747 1.5
      vertex 70.1297 155.423 1.5
      vertex 70.6275 155.92 1.5
    endloop
  endfacet
  facet normal 0 0 -1
    outer loop
      vertex 69.7 154.1 1.5
      vertex 70.85 154.1 1.5
      vertex 69.8101 153.405 1.5
    endloop
  endfacet
  facet normal 0 0 -1
    outer loop
      vertex 70.9038 154.44 1.5
      vertex 69.8101 154.795 1.5
      vertex 70.1297 155.423 1.5
    endloop
  endfacet
  facet normal 0 0 -1
    outer loop
      vertex 70.85 154.1 1.5
      vertex 69.7 154.1 1.5
      vertex 69.8101 154.795 1.5
    endloop
  endfacet
  facet normal 0.706538 0.707675 0
    outer loop
      vertex 70.6275 152.28 1.5
      vertex 70.1297 152.777 0
      vertex 70.1297 152.777 1.5
    endloop
  endfacet
  facet normal 0.706538 0.707675 0
    outer loop
      vertex 70.1297 152.777 0
      vertex 70.6275 152.28 1.5
      vertex 70.6275 152.28 0
    endloop
  endfacet
  facet normal -0.156262 0.987716 0
    outer loop
      vertex 72.6453 151.96 0
      vertex 71.95 151.85 1.5
      vertex 72.6453 151.96 1.5
    endloop
  endfacet
  facet normal -0.156262 0.987716 0
    outer loop
      vertex 71.95 151.85 1.5
      vertex 72.6453 151.96 0
      vertex 71.95 151.85 0
    endloop
  endfacet
  facet normal -0.45447 -0.890762 0
    outer loop
      vertex 72.6453 156.24 0
      vertex 73.2725 155.92 1.5
      vertex 72.6453 156.24 1.5
    endloop
  endfacet
  facet normal -0.45447 -0.890762 -0
    outer loop
      vertex 73.2725 155.92 1.5
      vertex 72.6453 156.24 0
      vertex 73.2725 155.92 0
    endloop
  endfacet
  facet normal -1 0 0
    outer loop
      vertex 47.4 90.13 0
      vertex 47.4 86.65 3
      vertex 47.4 90.13 3
    endloop
  endfacet
  facet normal -1 0 0
    outer loop
      vertex 47.4 90.13 0
      vertex 47.4 85.15 3
      vertex 47.4 86.65 3
    endloop
  endfacet
  facet normal -1 0 0
    outer loop
      vertex 47.4 60.13 0
      vertex 47.4 85.15 3
      vertex 47.4 90.13 0
    endloop
  endfacet
  facet normal -1 -0 0
    outer loop
      vertex 47.4 85.15 3
      vertex 47.4 60.13 0
      vertex 47.4 60.13 3
    endloop
  endfacet
  facet normal 1 -0 0
    outer loop
      vertex 39.4 86.65 3
      vertex 39.4 90.13 0
      vertex 39.4 90.13 3
    endloop
  endfacet
  facet normal 1 -0 0
    outer loop
      vertex 39.4 85.15 3
      vertex 39.4 90.13 0
      vertex 39.4 86.65 3
    endloop
  endfacet
  facet normal 1 0 0
    outer loop
      vertex 39.4 60.13 0
      vertex 39.4 85.15 3
      vertex 39.4 60.13 3
    endloop
  endfacet
  facet normal 1 0 0
    outer loop
      vertex 39.4 85.15 3
      vertex 39.4 60.13 0
      vertex 39.4 90.13 0
    endloop
  endfacet
  facet normal 0 -1 0
    outer loop
      vertex 39.4 90.13 0
      vertex 47.4 90.13 3
      vertex 39.4 90.13 3
    endloop
  endfacet
  facet normal 0 -1 -0
    outer loop
      vertex 47.4 90.13 3
      vertex 39.4 90.13 0
      vertex 47.4 90.13 0
    endloop
  endfacet
  facet normal 0 1 -0
    outer loop
      vertex 47.4 60.13 0
      vertex 39.4 60.13 3
      vertex 47.4 60.13 3
    endloop
  endfacet
  facet normal 0 1 0
    outer loop
      vertex 39.4 60.13 3
      vertex 47.4 60.13 0
      vertex 39.4 60.13 0
    endloop
  endfacet
  facet normal -1 0 0
    outer loop
      vertex 59.4 90.13 0
      vertex 59.4 86.65 3
      vertex 59.4 90.13 3
    endloop
  endfacet
  facet normal -1 0 0
    outer loop
      vertex 59.4 90.13 0
      vertex 59.4 85.15 3
      vertex 59.4 86.65 3
    endloop
  endfacet
  facet normal -1 0 0
    outer loop
      vertex 59.4 60.13 0
      vertex 59.4 85.15 3
      vertex 59.4 90.13 0
    endloop
  endfacet
  facet normal -1 -0 0
    outer loop
      vertex 59.4 85.15 3
      vertex 59.4 60.13 0
      vertex 59.4 60.13 3
    endloop
  endfacet
  facet normal 1 -0 0
    outer loop
      vertex 51.4 86.65 3
      vertex 51.4 90.13 0
      vertex 51.4 90.13 3
    endloop
  endfacet
  facet normal 1 -0 0
    outer loop
      vertex 51.4 85.15 3
      vertex 51.4 90.13 0
      vertex 51.4 86.65 3
    endloop
  endfacet
  facet normal 1 0 0
    outer loop
      vertex 51.4 60.13 0
      vertex 51.4 85.15 3
      vertex 51.4 60.13 3
    endloop
  endfacet
  facet normal 1 0 0
    outer loop
      vertex 51.4 85.15 3
      vertex 51.4 60.13 0
      vertex 51.4 90.13 0
    endloop
  endfacet
  facet normal 0 -1 0
    outer loop
      vertex 51.4 90.13 0
      vertex 59.4 90.13 3
      vertex 51.4 90.13 3
    endloop
  endfacet
  facet normal 0 -1 -0
    outer loop
      vertex 59.4 90.13 3
      vertex 51.4 90.13 0
      vertex 59.4 90.13 0
    endloop
  endfacet
  facet normal 0 1 -0
    outer loop
      vertex 59.4 60.13 0
      vertex 51.4 60.13 3
      vertex 59.4 60.13 3
    endloop
  endfacet
  facet normal 0 1 0
    outer loop
      vertex 51.4 60.13 3
      vertex 59.4 60.13 0
      vertex 51.4 60.13 0
    endloop
  endfacet
  facet normal -1 0 0
    outer loop
      vertex 71.4 90.13 0
      vertex 71.4 86.65 3
      vertex 71.4 90.13 3
    endloop
  endfacet
  facet normal -1 0 0
    outer loop
      vertex 71.4 90.13 0
      vertex 71.4 85.15 3
      vertex 71.4 86.65 3
    endloop
  endfacet
  facet normal -1 0 0
    outer loop
      vertex 71.4 60.13 0
      vertex 71.4 85.15 3
      vertex 71.4 90.13 0
    endloop
  endfacet
  facet normal -1 -0 0
    outer loop
      vertex 71.4 85.15 3
      vertex 71.4 60.13 0
      vertex 71.4 60.13 3
    endloop
  endfacet
  facet normal 1 -0 0
    outer loop
      vertex 63.4 86.65 3
      vertex 63.4 90.13 0
      vertex 63.4 90.13 3
    endloop
  endfacet
  facet normal 1 -0 0
    outer loop
      vertex 63.4 85.15 3
      vertex 63.4 90.13 0
      vertex 63.4 86.65 3
    endloop
  endfacet
  facet normal 1 0 0
    outer loop
      vertex 63.4 60.13 0
      vertex 63.4 85.15 3
      vertex 63.4 60.13 3
    endloop
  endfacet
  facet normal 1 0 0
    outer loop
      vertex 63.4 85.15 3
      vertex 63.4 60.13 0
      vertex 63.4 90.13 0
    endloop
  endfacet
  facet normal 0 -1 0
    outer loop
      vertex 63.4 90.13 0
      vertex 71.4 90.13 3
      vertex 63.4 90.13 3
    endloop
  endfacet
  facet normal 0 -1 -0
    outer loop
      vertex 71.4 90.13 3
      vertex 63.4 90.13 0
      vertex 71.4 90.13 0
    endloop
  endfacet
  facet normal 0 1 -0
    outer loop
      vertex 71.4 60.13 0
      vertex 63.4 60.13 3
      vertex 71.4 60.13 3
    endloop
  endfacet
  facet normal 0 1 0
    outer loop
      vertex 63.4 60.13 3
      vertex 71.4 60.13 0
      vertex 63.4 60.13 0
    endloop
  endfacet
  facet normal 1 -0 0
    outer loop
      vertex 110.8 3 8.6
      vertex 110.8 168.8 0
      vertex 110.8 168.8 8.6
    endloop
  endfacet
  facet normal 1 0 0
    outer loop
      vertex 110.8 168.8 0
      vertex 110.8 3 8.6
      vertex 110.8 3 0
    endloop
  endfacet
  facet normal -0.760402 -0.649452 0
    outer loop
      vertex 0.878679 0.878679 0
      vertex 0.572948 1.23664 8.6
      vertex 0.572948 1.23664 0
    endloop
  endfacet
  facet normal -0.760402 -0.649452 0
    outer loop
      vertex 0.572948 1.23664 8.6
      vertex 0.878679 0.878679 0
      vertex 0.878679 0.878679 8.6
    endloop
  endfacet
  facet normal 0.382352 0.924017 -0
    outer loop
      vertex 109.162 171.473 0
      vertex 108.727 171.653 8.6
      vertex 109.162 171.473 8.6
    endloop
  endfacet
  facet normal 0.382352 0.924017 0
    outer loop
      vertex 108.727 171.653 8.6
      vertex 109.162 171.473 0
      vertex 108.727 171.653 0
    endloop
  endfacet
  facet normal 0 -1 0
    outer loop
      vertex 3 0 8.6
      vertex 45.4 0 7.2
      vertex 107.8 0 8.6
    endloop
  endfacet
  facet normal 0 -1 0
    outer loop
      vertex 3 0 0
      vertex 45.4 0 7.2
      vertex 3 0 8.6
    endloop
  endfacet
  facet normal 0 -1 -0
    outer loop
      vertex 45.4 0 7.2
      vertex 3 0 0
      vertex 45.4 0 0
    endloop
  endfacet
  facet normal 0 -1 0
    outer loop
      vertex 65.4 0 7.2
      vertex 107.8 0 8.6
      vertex 45.4 0 7.2
    endloop
  endfacet
  facet normal 0 -1 0
    outer loop
      vertex 107.8 0 0
      vertex 65.4 0 7.2
      vertex 65.4 0 0
    endloop
  endfacet
  facet normal 0 -1 0
    outer loop
      vertex 65.4 0 7.2
      vertex 107.8 0 0
      vertex 107.8 0 8.6
    endloop
  endfacet
  facet normal -0.996913 0.0785094 0
    outer loop
      vertex 0 168.8 0
      vertex 0.0369349 169.269 8.6
      vertex 0.0369349 169.269 0
    endloop
  endfacet
  facet normal -0.996913 0.0785094 0
    outer loop
      vertex 0.0369349 169.269 8.6
      vertex 0 168.8 0
      vertex 0 168.8 8.6
    endloop
  endfacet
  facet normal -0.97237 -0.233443 0
    outer loop
      vertex 0.14683 2.07295 0
      vertex 0.0369349 2.5307 8.6
      vertex 0.0369349 2.5307 0
    endloop
  endfacet
  facet normal -0.97237 -0.233443 0
    outer loop
      vertex 0.0369349 2.5307 8.6
      vertex 0.14683 2.07295 0
      vertex 0.14683 2.07295 8.6
    endloop
  endfacet
  facet normal -1 0 0
    outer loop
      vertex 0 3 0
      vertex 0 168.8 8.6
      vertex 0 168.8 0
    endloop
  endfacet
  facet normal -1 -0 0
    outer loop
      vertex 0 168.8 8.6
      vertex 0 3 0
      vertex 0 3 8.6
    endloop
  endfacet
  facet normal 0.649742 0.760155 -0
    outer loop
      vertex 109.921 170.921 0
      vertex 109.563 171.227 8.6
      vertex 109.921 170.921 8.6
    endloop
  endfacet
  facet normal 0.649742 0.760155 0
    outer loop
      vertex 109.563 171.227 8.6
      vertex 109.921 170.921 0
      vertex 109.563 171.227 0
    endloop
  endfacet
  facet normal -0.972399 0.233323 0
    outer loop
      vertex 0.0369349 169.269 0
      vertex 0.14683 169.727 8.6
      vertex 0.14683 169.727 0
    endloop
  endfacet
  facet normal -0.972399 0.233323 0
    outer loop
      vertex 0.14683 169.727 8.6
      vertex 0.0369349 169.269 0
      vertex 0.0369349 169.269 8.6
    endloop
  endfacet
  facet normal 0.852387 0.522911 0
    outer loop
      vertex 110.473 170.162 8.6
      vertex 110.227 170.563 0
      vertex 110.227 170.563 8.6
    endloop
  endfacet
  facet normal 0.852387 0.522911 0
    outer loop
      vertex 110.227 170.563 0
      vertex 110.473 170.162 8.6
      vertex 110.473 170.162 0
    endloop
  endfacet
  facet normal 0.0785094 -0.996913 0
    outer loop
      vertex 107.8 0 0
      vertex 108.269 0.0369349 8.6
      vertex 107.8 0 8.6
    endloop
  endfacet
  facet normal 0.0785094 -0.996913 0
    outer loop
      vertex 108.269 0.0369349 8.6
      vertex 107.8 0 0
      vertex 108.269 0.0369349 0
    endloop
  endfacet
  facet normal 0.76012 -0.649782 0
    outer loop
      vertex 109.921 0.878679 8.6
      vertex 110.227 1.23664 0
      vertex 110.227 1.23664 8.6
    endloop
  endfacet
  facet normal 0.76012 -0.649782 0
    outer loop
      vertex 110.227 1.23664 0
      vertex 109.921 0.878679 8.6
      vertex 109.921 0.878679 0
    endloop
  endfacet
  facet normal -0.233443 -0.97237 0
    outer loop
      vertex 2.07295 0.14683 0
      vertex 2.5307 0.0369349 8.6
      vertex 2.07295 0.14683 8.6
    endloop
  endfacet
  facet normal -0.233443 -0.97237 -0
    outer loop
      vertex 2.5307 0.0369349 8.6
      vertex 2.07295 0.14683 0
      vertex 2.5307 0.0369349 0
    endloop
  endfacet
  facet normal -0.923904 0.382624 0
    outer loop
      vertex 0.14683 169.727 0
      vertex 0.32698 170.162 8.6
      vertex 0.32698 170.162 0
    endloop
  endfacet
  facet normal -0.923904 0.382624 0
    outer loop
      vertex 0.32698 170.162 8.6
      vertex 0.14683 169.727 0
      vertex 0.14683 169.727 8.6
    endloop
  endfacet
  facet normal 0.923992 -0.382412 0
    outer loop
      vertex 110.473 1.63803 8.6
      vertex 110.653 2.07295 0
      vertex 110.653 2.07295 8.6
    endloop
  endfacet
  facet normal 0.923992 -0.382412 0
    outer loop
      vertex 110.653 2.07295 0
      vertex 110.473 1.63803 8.6
      vertex 110.473 1.63803 0
    endloop
  endfacet
  facet normal -0.0784595 -0.996917 0
    outer loop
      vertex 2.5307 0.0369349 0
      vertex 3 0 8.6
      vertex 2.5307 0.0369349 8.6
    endloop
  endfacet
  facet normal -0.0784595 -0.996917 -0
    outer loop
      vertex 3 0 8.6
      vertex 2.5307 0.0369349 0
      vertex 3 0 0
    endloop
  endfacet
  facet normal -0.996917 -0.0784595 0
    outer loop
      vertex 0.0369349 2.5307 0
      vertex 0 3 8.6
      vertex 0 3 0
    endloop
  endfacet
  facet normal -0.996917 -0.0784595 0
    outer loop
      vertex 0 3 8.6
      vertex 0.0369349 2.5307 0
      vertex 0.0369349 2.5307 8.6
    endloop
  endfacet
  facet normal 0.852614 -0.522542 0
    outer loop
      vertex 110.227 1.23664 8.6
      vertex 110.473 1.63803 0
      vertex 110.473 1.63803 8.6
    endloop
  endfacet
  facet normal 0.852614 -0.522542 0
    outer loop
      vertex 110.473 1.63803 0
      vertex 110.227 1.23664 8.6
      vertex 110.227 1.23664 0
    endloop
  endfacet
  facet normal 0 1 -0
    outer loop
      vertex 107.8 171.8 0
      vertex 3 171.8 8.6
      vertex 107.8 171.8 8.6
    endloop
  endfacet
  facet normal 0 1 0
    outer loop
      vertex 3 171.8 8.6
      vertex 107.8 171.8 0
      vertex 3 171.8 0
    endloop
  endfacet
  facet normal 0 0 -1
    outer loop
      vertex 45.4 3.1 0
      vertex 21.2725 10.5903 0
      vertex 39.4 60.13 0
    endloop
  endfacet
  facet normal 0 0 -1
    outer loop
      vertex 39.4 90.13 0
      vertex 22.0899 153.405 0
      vertex 22.2 154.1 0
    endloop
  endfacet
  facet normal 0 0 -1
    outer loop
      vertex 20.6453 10.9099 0
      vertex 39.4 60.13 0
      vertex 21.2725 10.5903 0
    endloop
  endfacet
  facet normal 0 0 -1
    outer loop
      vertex 39.4 90.13 0
      vertex 21.7703 152.777 0
      vertex 22.0899 153.405 0
    endloop
  endfacet
  facet normal 0 0 -1
    outer loop
      vertex 19.95 11.02 0
      vertex 39.4 60.13 0
      vertex 20.6453 10.9099 0
    endloop
  endfacet
  facet normal 0 0 -1
    outer loop
      vertex 39.4 90.13 0
      vertex 21.2725 152.28 0
      vertex 21.7703 152.777 0
    endloop
  endfacet
  facet normal 0 0 -1
    outer loop
      vertex 19.2547 10.9099 0
      vertex 39.4 60.13 0
      vertex 19.95 11.02 0
    endloop
  endfacet
  facet normal 0 0 -1
    outer loop
      vertex 39.4 90.13 0
      vertex 20.6453 151.96 0
      vertex 21.2725 152.28 0
    endloop
  endfacet
  facet normal 0 0 -1
    outer loop
      vertex 18.6275 10.5903 0
      vertex 39.4 60.13 0
      vertex 19.2547 10.9099 0
    endloop
  endfacet
  facet normal 0 0 -1
    outer loop
      vertex 39.4 90.13 0
      vertex 19.95 151.85 0
      vertex 20.6453 151.96 0
    endloop
  endfacet
  facet normal 0 0 -1
    outer loop
      vertex 0 3 0
      vertex 39.4 60.13 0
      vertex 18.6275 10.5903 0
    endloop
  endfacet
  facet normal 0 0 -1
    outer loop
      vertex 39.4 90.13 0
      vertex 19.2547 151.96 0
      vertex 19.95 151.85 0
    endloop
  endfacet
  facet normal -0 0 -1
    outer loop
      vertex 39.4 60.13 0
      vertex 0 3 0
      vertex 39.4 90.13 0
    endloop
  endfacet
  facet normal 0 0 -1
    outer loop
      vertex 39.4 90.13 0
      vertex 18.6275 152.28 0
      vertex 19.2547 151.96 0
    endloop
  endfacet
  facet normal 0 0 -1
    outer loop
      vertex 0 3 0
      vertex 18.6275 10.5903 0
      vertex 18.1297 10.0925 0
    endloop
  endfacet
  facet normal 0 0 -1
    outer loop
      vertex 0 168.8 0
      vertex 39.4 90.13 0
      vertex 0 3 0
    endloop
  endfacet
  facet normal 0 0 -1
    outer loop
      vertex 0 3 0
      vertex 18.1297 10.0925 0
      vertex 17.8101 9.46529 0
    endloop
  endfacet
  facet normal 0 0 -1
    outer loop
      vertex 39.4 90.13 0
      vertex 18.1297 152.777 0
      vertex 18.6275 152.28 0
    endloop
  endfacet
  facet normal 0 0 -1
    outer loop
      vertex 0 3 0
      vertex 17.8101 9.46529 0
      vertex 17.7 8.77 0
    endloop
  endfacet
  facet normal 0 0 -1
    outer loop
      vertex 39.4 90.13 0
      vertex 0 168.8 0
      vertex 18.1297 152.777 0
    endloop
  endfacet
  facet normal 0 0 -1
    outer loop
      vertex 21.7703 7.44748 0
      vertex 45.4 3.1 0
      vertex 45.4 0 0
    endloop
  endfacet
  facet normal 0 0 -1
    outer loop
      vertex 21.7703 10.0925 0
      vertex 45.4 3.1 0
      vertex 22.0899 9.46529 0
    endloop
  endfacet
  facet normal 0 0 -1
    outer loop
      vertex 22.0899 9.46529 0
      vertex 45.4 3.1 0
      vertex 22.2 8.77 0
    endloop
  endfacet
  facet normal 0 0 -1
    outer loop
      vertex 45.4 3.1 0
      vertex 22.0899 8.07471 0
      vertex 22.2 8.77 0
    endloop
  endfacet
  facet normal 0 0 -1
    outer loop
      vertex 45.4 3.1 0
      vertex 21.7703 7.44748 0
      vertex 22.0899 8.07471 0
    endloop
  endfacet
  facet normal 0 0 -1
    outer loop
      vertex 45.4 0 0
      vertex 21.2725 6.94971 0
      vertex 21.7703 7.44748 0
    endloop
  endfacet
  facet normal 0 0 -1
    outer loop
      vertex 45.4 0 0
      vertex 20.6453 6.63012 0
      vertex 21.2725 6.94971 0
    endloop
  endfacet
  facet normal 0 0 -1
    outer loop
      vertex 45.4 0 0
      vertex 19.95 6.52 0
      vertex 20.6453 6.63012 0
    endloop
  endfacet
  facet normal 0 0 -1
    outer loop
      vertex 3 0 0
      vertex 19.95 6.52 0
      vertex 45.4 0 0
    endloop
  endfacet
  facet normal 0 0 -1
    outer loop
      vertex 0 3 0
      vertex 17.7 8.77 0
      vertex 3 0 0
    endloop
  endfacet
  facet normal -0 0 -1
    outer loop
      vertex 17.8101 8.07471 0
      vertex 3 0 0
      vertex 17.7 8.77 0
    endloop
  endfacet
  facet normal -0 0 -1
    outer loop
      vertex 18.1297 7.44748 0
      vertex 3 0 0
      vertex 17.8101 8.07471 0
    endloop
  endfacet
  facet normal -0 0 -1
    outer loop
      vertex 18.6275 6.94971 0
      vertex 3 0 0
      vertex 18.1297 7.44748 0
    endloop
  endfacet
  facet normal -0 0 -1
    outer loop
      vertex 19.2547 6.63012 0
      vertex 3 0 0
      vertex 18.6275 6.94971 0
    endloop
  endfacet
  facet normal -0 0 -1
    outer loop
      vertex 19.95 6.52 0
      vertex 3 0 0
      vertex 19.2547 6.63012 0
    endloop
  endfacet
  facet normal 0 0 -1
    outer loop
      vertex 73.7703 10.0925 0
      vertex 110.8 3 0
      vertex 74.0899 9.46529 0
    endloop
  endfacet
  facet normal 0 -0 -1
    outer loop
      vertex 74.0899 153.405 0
      vertex 110.8 3 0
      vertex 71.4 90.13 0
    endloop
  endfacet
  facet normal 0 0 -1
    outer loop
      vertex 73.2725 10.5903 0
      vertex 110.8 3 0
      vertex 73.7703 10.0925 0
    endloop
  endfacet
  facet normal 0 0 -1
    outer loop
      vertex 110.8 3 0
      vertex 71.4 60.13 0
      vertex 71.4 90.13 0
    endloop
  endfacet
  facet normal 0 0 -1
    outer loop
      vertex 110.8 3 0
      vertex 73.2725 10.5903 0
      vertex 71.4 60.13 0
    endloop
  endfacet
  facet normal 0 0 -1
    outer loop
      vertex 110.8 3 0
      vertex 74.0899 153.405 0
      vertex 74.2 154.1 0
    endloop
  endfacet
  facet normal 0 0 -1
    outer loop
      vertex 71.4 60.13 0
      vertex 73.2725 10.5903 0
      vertex 72.6453 10.9099 0
    endloop
  endfacet
  facet normal 0 0 -1
    outer loop
      vertex 74.0899 153.405 0
      vertex 71.4 90.13 0
      vertex 73.7703 152.777 0
    endloop
  endfacet
  facet normal 0 0 -1
    outer loop
      vertex 71.4 60.13 0
      vertex 72.6453 10.9099 0
      vertex 71.95 11.02 0
    endloop
  endfacet
  facet normal 0 0 -1
    outer loop
      vertex 73.7703 152.777 0
      vertex 71.4 90.13 0
      vertex 73.2725 152.28 0
    endloop
  endfacet
  facet normal 0 0 -1
    outer loop
      vertex 73.2725 152.28 0
      vertex 71.4 90.13 0
      vertex 72.6453 151.96 0
    endloop
  endfacet
  facet normal 0 0 -1
    outer loop
      vertex 71.2547 10.9099 0
      vertex 71.4 60.13 0
      vertex 71.95 11.02 0
    endloop
  endfacet
  facet normal 0 0 -1
    outer loop
      vertex 59.4 60.13 0
      vertex 71.2547 10.9099 0
      vertex 70.6275 10.5903 0
    endloop
  endfacet
  facet normal 0 0 -1
    outer loop
      vertex 45.4 3.1 0
      vertex 70.6275 10.5903 0
      vertex 70.1297 10.0925 0
    endloop
  endfacet
  facet normal 0 0 -1
    outer loop
      vertex 45.4 3.1 0
      vertex 70.1297 10.0925 0
      vertex 69.8101 9.46529 0
    endloop
  endfacet
  facet normal 0 0 -1
    outer loop
      vertex 65.4 3.1 0
      vertex 69.8101 9.46529 0
      vertex 69.7 8.77 0
    endloop
  endfacet
  facet normal -0 0 -1
    outer loop
      vertex 69.8101 8.07471 0
      vertex 65.4 3.1 0
      vertex 69.7 8.77 0
    endloop
  endfacet
  facet normal 0 0 -1
    outer loop
      vertex 69.8101 9.46529 0
      vertex 65.4 3.1 0
      vertex 45.4 3.1 0
    endloop
  endfacet
  facet normal 0 0 -1
    outer loop
      vertex 71.2547 10.9099 0
      vertex 63.4 60.13 0
      vertex 71.4 60.13 0
    endloop
  endfacet
  facet normal 0 0 -1
    outer loop
      vertex 63.4 60.13 0
      vertex 59.4 60.13 0
      vertex 63.4 90.13 0
    endloop
  endfacet
  facet normal 0 0 -1
    outer loop
      vertex 71.2547 10.9099 0
      vertex 59.4 60.13 0
      vertex 63.4 60.13 0
    endloop
  endfacet
  facet normal 0 0 -1
    outer loop
      vertex 70.6275 10.5903 0
      vertex 51.4 60.13 0
      vertex 59.4 60.13 0
    endloop
  endfacet
  facet normal 0 0 -1
    outer loop
      vertex 51.4 60.13 0
      vertex 47.4 60.13 0
      vertex 51.4 90.13 0
    endloop
  endfacet
  facet normal -0 0 -1
    outer loop
      vertex 70.6275 10.5903 0
      vertex 45.4 3.1 0
      vertex 51.4 60.13 0
    endloop
  endfacet
  facet normal -0 0 -1
    outer loop
      vertex 51.4 60.13 0
      vertex 45.4 3.1 0
      vertex 47.4 60.13 0
    endloop
  endfacet
  facet normal -0 0 -1
    outer loop
      vertex 47.4 60.13 0
      vertex 45.4 3.1 0
      vertex 39.4 60.13 0
    endloop
  endfacet
  facet normal 0 0 -1
    outer loop
      vertex 107.8 0 0
      vertex 110.8 3 0
      vertex 110.763 2.5307 0
    endloop
  endfacet
  facet normal 0 0 -1
    outer loop
      vertex 110.8 3 0
      vertex 74.2 154.1 0
      vertex 110.8 168.8 0
    endloop
  endfacet
  facet normal 0 0 -1
    outer loop
      vertex 107.8 0 0
      vertex 110.763 2.5307 0
      vertex 110.653 2.07295 0
    endloop
  endfacet
  facet normal 0 -0 -1
    outer loop
      vertex 107.8 171.8 0
      vertex 110.8 168.8 0
      vertex 74.2 154.1 0
    endloop
  endfacet
  facet normal 0 0 -1
    outer loop
      vertex 107.8 0 0
      vertex 110.653 2.07295 0
      vertex 110.473 1.63803 0
    endloop
  endfacet
  facet normal 0 0 -1
    outer loop
      vertex 110.8 168.8 0
      vertex 107.8 171.8 0
      vertex 110.763 169.269 0
    endloop
  endfacet
  facet normal 0 0 -1
    outer loop
      vertex 107.8 0 0
      vertex 110.473 1.63803 0
      vertex 110.227 1.23664 0
    endloop
  endfacet
  facet normal 0 0 -1
    outer loop
      vertex 110.763 169.269 0
      vertex 107.8 171.8 0
      vertex 110.653 169.727 0
    endloop
  endfacet
  facet normal 0 0 -1
    outer loop
      vertex 107.8 0 0
      vertex 110.227 1.23664 0
      vertex 109.921 0.878679 0
    endloop
  endfacet
  facet normal 0 0 -1
    outer loop
      vertex 110.653 169.727 0
      vertex 107.8 171.8 0
      vertex 110.473 170.162 0
    endloop
  endfacet
  facet normal 0 0 -1
    outer loop
      vertex 107.8 0 0
      vertex 109.921 0.878679 0
      vertex 109.563 0.572948 0
    endloop
  endfacet
  facet normal 0 0 -1
    outer loop
      vertex 110.473 170.162 0
      vertex 107.8 171.8 0
      vertex 110.227 170.563 0
    endloop
  endfacet
  facet normal 0 0 -1
    outer loop
      vertex 107.8 0 0
      vertex 109.563 0.572948 0
      vertex 109.162 0.32698 0
    endloop
  endfacet
  facet normal 0 0 -1
    outer loop
      vertex 110.227 170.563 0
      vertex 107.8 171.8 0
      vertex 109.921 170.921 0
    endloop
  endfacet
  facet normal 0 0 -1
    outer loop
      vertex 107.8 0 0
      vertex 109.162 0.32698 0
      vertex 108.727 0.14683 0
    endloop
  endfacet
  facet normal 0 0 -1
    outer loop
      vertex 109.921 170.921 0
      vertex 107.8 171.8 0
      vertex 109.563 171.227 0
    endloop
  endfacet
  facet normal 0 0 -1
    outer loop
      vertex 107.8 0 0
      vertex 108.727 0.14683 0
      vertex 108.269 0.0369349 0
    endloop
  endfacet
  facet normal 0 0 -1
    outer loop
      vertex 109.563 171.227 0
      vertex 107.8 171.8 0
      vertex 109.162 171.473 0
    endloop
  endfacet
  facet normal 0 0 -1
    outer loop
      vertex 74.0899 9.46529 0
      vertex 107.8 0 0
      vertex 74.2 8.77 0
    endloop
  endfacet
  facet normal 0 0 -1
    outer loop
      vertex 109.162 171.473 0
      vertex 107.8 171.8 0
      vertex 108.727 171.653 0
    endloop
  endfacet
  facet normal 0 0 -1
    outer loop
      vertex 107.8 0 0
      vertex 74.0899 9.46529 0
      vertex 110.8 3 0
    endloop
  endfacet
  facet normal 0 0 -1
    outer loop
      vertex 107.8 0 0
      vertex 74.0899 8.07471 0
      vertex 74.2 8.77 0
    endloop
  endfacet
  facet normal 0 0 -1
    outer loop
      vertex 107.8 0 0
      vertex 73.7703 7.44748 0
      vertex 74.0899 8.07471 0
    endloop
  endfacet
  facet normal 0 0 -1
    outer loop
      vertex 107.8 0 0
      vertex 73.2725 6.94971 0
      vertex 73.7703 7.44748 0
    endloop
  endfacet
  facet normal 0 0 -1
    outer loop
      vertex 65.4 0 0
      vertex 73.2725 6.94971 0
      vertex 107.8 0 0
    endloop
  endfacet
  facet normal 0 0 -1
    outer loop
      vertex 73.2725 6.94971 0
      vertex 65.4 0 0
      vertex 72.6453 6.63012 0
    endloop
  endfacet
  facet normal 0 0 -1
    outer loop
      vertex 72.6453 6.63012 0
      vertex 65.4 0 0
      vertex 71.95 6.52 0
    endloop
  endfacet
  facet normal -0 0 -1
    outer loop
      vertex 70.1297 7.44748 0
      vertex 65.4 3.1 0
      vertex 69.8101 8.07471 0
    endloop
  endfacet
  facet normal -0 0 -1
    outer loop
      vertex 70.6275 6.94971 0
      vertex 65.4 3.1 0
      vertex 70.1297 7.44748 0
    endloop
  endfacet
  facet normal -0 0 -1
    outer loop
      vertex 71.2547 6.63012 0
      vertex 65.4 3.1 0
      vertex 70.6275 6.94971 0
    endloop
  endfacet
  facet normal 0 0 -1
    outer loop
      vertex 65.4 3.1 0
      vertex 71.2547 6.63012 0
      vertex 65.4 0 0
    endloop
  endfacet
  facet normal -0 0 -1
    outer loop
      vertex 71.95 6.52 0
      vertex 65.4 0 0
      vertex 71.2547 6.63012 0
    endloop
  endfacet
  facet normal 0 0 -1
    outer loop
      vertex 108.727 171.653 0
      vertex 107.8 171.8 0
      vertex 108.269 171.763 0
    endloop
  endfacet
  facet normal 0 0 -1
    outer loop
      vertex 74.0899 154.795 0
      vertex 107.8 171.8 0
      vertex 74.2 154.1 0
    endloop
  endfacet
  facet normal 0 0 -1
    outer loop
      vertex 73.7703 155.423 0
      vertex 107.8 171.8 0
      vertex 74.0899 154.795 0
    endloop
  endfacet
  facet normal 0 0 -1
    outer loop
      vertex 73.2725 155.92 0
      vertex 107.8 171.8 0
      vertex 73.7703 155.423 0
    endloop
  endfacet
  facet normal 0 0 -1
    outer loop
      vertex 72.6453 156.24 0
      vertex 107.8 171.8 0
      vertex 73.2725 155.92 0
    endloop
  endfacet
  facet normal 0 0 -1
    outer loop
      vertex 71.95 156.35 0
      vertex 107.8 171.8 0
      vertex 72.6453 156.24 0
    endloop
  endfacet
  facet normal 0 0 -1
    outer loop
      vertex 71.2547 156.24 0
      vertex 107.8 171.8 0
      vertex 71.95 156.35 0
    endloop
  endfacet
  facet normal 0 0 -1
    outer loop
      vertex 59.4 90.13 0
      vertex 63.4 90.13 0
      vertex 59.4 60.13 0
    endloop
  endfacet
  facet normal 0 0 -1
    outer loop
      vertex 63.4 90.13 0
      vertex 59.4 90.13 0
      vertex 69.7 154.1 0
    endloop
  endfacet
  facet normal 0 0 -1
    outer loop
      vertex 51.4 90.13 0
      vertex 69.7 154.1 0
      vertex 59.4 90.13 0
    endloop
  endfacet
  facet normal 0 0 -1
    outer loop
      vertex 47.4 90.13 0
      vertex 69.7 154.1 0
      vertex 51.4 90.13 0
    endloop
  endfacet
  facet normal 0 0 -1
    outer loop
      vertex 47.4 90.13 0
      vertex 51.4 90.13 0
      vertex 47.4 60.13 0
    endloop
  endfacet
  facet normal 0 0 -1
    outer loop
      vertex 22.2 154.1 0
      vertex 69.7 154.1 0
      vertex 47.4 90.13 0
    endloop
  endfacet
  facet normal 0 0 -1
    outer loop
      vertex 22.2 154.1 0
      vertex 47.4 90.13 0
      vertex 39.4 90.13 0
    endloop
  endfacet
  facet normal 0 0 -1
    outer loop
      vertex 21.2725 10.5903 0
      vertex 45.4 3.1 0
      vertex 21.7703 10.0925 0
    endloop
  endfacet
  facet normal 0 0 -1
    outer loop
      vertex 69.7 154.1 0
      vertex 22.2 154.1 0
      vertex 69.8101 154.795 0
    endloop
  endfacet
  facet normal 0 0 -1
    outer loop
      vertex 22.0899 154.795 0
      vertex 69.8101 154.795 0
      vertex 22.2 154.1 0
    endloop
  endfacet
  facet normal 0 0 -1
    outer loop
      vertex 69.8101 154.795 0
      vertex 22.0899 154.795 0
      vertex 70.1297 155.423 0
    endloop
  endfacet
  facet normal 0 0 -1
    outer loop
      vertex 21.7703 155.423 0
      vertex 70.1297 155.423 0
      vertex 22.0899 154.795 0
    endloop
  endfacet
  facet normal 0 0 -1
    outer loop
      vertex 70.1297 155.423 0
      vertex 21.7703 155.423 0
      vertex 70.6275 155.92 0
    endloop
  endfacet
  facet normal 0 0 -1
    outer loop
      vertex 21.2725 155.92 0
      vertex 70.6275 155.92 0
      vertex 21.7703 155.423 0
    endloop
  endfacet
  facet normal 0 0 -1
    outer loop
      vertex 3 171.8 0
      vertex 70.6275 155.92 0
      vertex 21.2725 155.92 0
    endloop
  endfacet
  facet normal 0 0 -1
    outer loop
      vertex 70.6275 155.92 0
      vertex 3 171.8 0
      vertex 71.2547 156.24 0
    endloop
  endfacet
  facet normal 0 0 -1
    outer loop
      vertex 3 171.8 0
      vertex 21.2725 155.92 0
      vertex 20.6453 156.24 0
    endloop
  endfacet
  facet normal 0 0 -1
    outer loop
      vertex 3 171.8 0
      vertex 20.6453 156.24 0
      vertex 19.95 156.35 0
    endloop
  endfacet
  facet normal 0 0 -1
    outer loop
      vertex 3 171.8 0
      vertex 19.95 156.35 0
      vertex 19.2547 156.24 0
    endloop
  endfacet
  facet normal 0 0 -1
    outer loop
      vertex 71.2547 156.24 0
      vertex 3 171.8 0
      vertex 107.8 171.8 0
    endloop
  endfacet
  facet normal 0 0 -1
    outer loop
      vertex 18.6275 155.92 0
      vertex 3 171.8 0
      vertex 19.2547 156.24 0
    endloop
  endfacet
  facet normal 0 0 -1
    outer loop
      vertex 18.1297 155.423 0
      vertex 3 171.8 0
      vertex 18.6275 155.92 0
    endloop
  endfacet
  facet normal 0 0 -1
    outer loop
      vertex 0 168.8 0
      vertex 18.1297 155.423 0
      vertex 17.8101 154.795 0
    endloop
  endfacet
  facet normal 0 0 -1
    outer loop
      vertex 0 168.8 0
      vertex 17.8101 154.795 0
      vertex 17.7 154.1 0
    endloop
  endfacet
  facet normal 0 0 -1
    outer loop
      vertex 18.1297 152.777 0
      vertex 0 168.8 0
      vertex 17.8101 153.405 0
    endloop
  endfacet
  facet normal 0 0 -1
    outer loop
      vertex 0 3 0
      vertex 3 0 0
      vertex 2.5307 0.0369349 0
    endloop
  endfacet
  facet normal 0 0 -1
    outer loop
      vertex 17.8101 153.405 0
      vertex 0 168.8 0
      vertex 17.7 154.1 0
    endloop
  endfacet
  facet normal 0 0 -1
    outer loop
      vertex 0 3 0
      vertex 2.5307 0.0369349 0
      vertex 2.07295 0.14683 0
    endloop
  endfacet
  facet normal 0 0 -1
    outer loop
      vertex 18.1297 155.423 0
      vertex 0 168.8 0
      vertex 3 171.8 0
    endloop
  endfacet
  facet normal 0 0 -1
    outer loop
      vertex 0 3 0
      vertex 2.07295 0.14683 0
      vertex 1.63803 0.32698 0
    endloop
  endfacet
  facet normal 0 0 -1
    outer loop
      vertex 3 171.8 0
      vertex 0 168.8 0
      vertex 2.5307 171.763 0
    endloop
  endfacet
  facet normal 0 0 -1
    outer loop
      vertex 0 3 0
      vertex 1.63803 0.32698 0
      vertex 1.23664 0.572948 0
    endloop
  endfacet
  facet normal 0 0 -1
    outer loop
      vertex 2.5307 171.763 0
      vertex 0 168.8 0
      vertex 2.07295 171.653 0
    endloop
  endfacet
  facet normal 0 0 -1
    outer loop
      vertex 0 3 0
      vertex 1.23664 0.572948 0
      vertex 0.878679 0.878679 0
    endloop
  endfacet
  facet normal 0 0 -1
    outer loop
      vertex 2.07295 171.653 0
      vertex 0 168.8 0
      vertex 1.63803 171.473 0
    endloop
  endfacet
  facet normal 0 0 -1
    outer loop
      vertex 0 3 0
      vertex 0.878679 0.878679 0
      vertex 0.572948 1.23664 0
    endloop
  endfacet
  facet normal 0 0 -1
    outer loop
      vertex 1.63803 171.473 0
      vertex 0 168.8 0
      vertex 1.23664 171.227 0
    endloop
  endfacet
  facet normal 0 0 -1
    outer loop
      vertex 0 3 0
      vertex 0.572948 1.23664 0
      vertex 0.32698 1.63803 0
    endloop
  endfacet
  facet normal 0 0 -1
    outer loop
      vertex 1.23664 171.227 0
      vertex 0 168.8 0
      vertex 0.878679 170.921 0
    endloop
  endfacet
  facet normal 0 0 -1
    outer loop
      vertex 0 3 0
      vertex 0.32698 1.63803 0
      vertex 0.14683 2.07295 0
    endloop
  endfacet
  facet normal 0 0 -1
    outer loop
      vertex 0.878679 170.921 0
      vertex 0 168.8 0
      vertex 0.572948 170.563 0
    endloop
  endfacet
  facet normal 0 0 -1
    outer loop
      vertex 0 3 0
      vertex 0.14683 2.07295 0
      vertex 0.0369349 2.5307 0
    endloop
  endfacet
  facet normal 0 0 -1
    outer loop
      vertex 0.572948 170.563 0
      vertex 0 168.8 0
      vertex 0.32698 170.162 0
    endloop
  endfacet
  facet normal 0 0 -1
    outer loop
      vertex 0.32698 170.162 0
      vertex 0 168.8 0
      vertex 0.14683 169.727 0
    endloop
  endfacet
  facet normal 0 0 -1
    outer loop
      vertex 0.14683 169.727 0
      vertex 0 168.8 0
      vertex 0.0369349 169.269 0
    endloop
  endfacet
  facet normal 0 0 -1
    outer loop
      vertex 72.6453 151.96 0
      vertex 71.4 90.13 0
      vertex 71.95 151.85 0
    endloop
  endfacet
  facet normal 0 0 -1
    outer loop
      vertex 63.4 90.13 0
      vertex 71.95 151.85 0
      vertex 71.4 90.13 0
    endloop
  endfacet
  facet normal -0 0 -1
    outer loop
      vertex 71.95 151.85 0
      vertex 63.4 90.13 0
      vertex 71.2547 151.96 0
    endloop
  endfacet
  facet normal -0 0 -1
    outer loop
      vertex 71.2547 151.96 0
      vertex 63.4 90.13 0
      vertex 70.6275 152.28 0
    endloop
  endfacet
  facet normal -0 0 -1
    outer loop
      vertex 70.6275 152.28 0
      vertex 63.4 90.13 0
      vertex 70.1297 152.777 0
    endloop
  endfacet
  facet normal -0 0 -1
    outer loop
      vertex 70.1297 152.777 0
      vertex 63.4 90.13 0
      vertex 69.8101 153.405 0
    endloop
  endfacet
  facet normal -0 0 -1
    outer loop
      vertex 69.8101 153.405 0
      vertex 63.4 90.13 0
      vertex 69.7 154.1 0
    endloop
  endfacet
  facet normal 0.760155 0.649742 0
    outer loop
      vertex 110.227 170.563 8.6
      vertex 109.921 170.921 0
      vertex 109.921 170.921 8.6
    endloop
  endfacet
  facet normal 0.760155 0.649742 0
    outer loop
      vertex 109.921 170.921 0
      vertex 110.227 170.563 8.6
      vertex 110.227 170.563 0
    endloop
  endfacet
  facet normal 0.972349 0.233534 0
    outer loop
      vertex 110.763 169.269 8.6
      vertex 110.653 169.727 0
      vertex 110.653 169.727 8.6
    endloop
  endfacet
  facet normal 0.972349 0.233534 0
    outer loop
      vertex 110.653 169.727 0
      vertex 110.763 169.269 8.6
      vertex 110.763 169.269 0
    endloop
  endfacet
  facet normal 0.996903 0.0786469 0
    outer loop
      vertex 110.8 168.8 8.6
      vertex 110.763 169.269 0
      vertex 110.763 169.269 8.6
    endloop
  endfacet
  facet normal 0.996903 0.0786469 0
    outer loop
      vertex 110.763 169.269 0
      vertex 110.8 168.8 8.6
      vertex 110.8 168.8 0
    endloop
  endfacet
  facet normal -0.852418 0.522862 0
    outer loop
      vertex 0.32698 170.162 0
      vertex 0.572948 170.563 8.6
      vertex 0.572948 170.563 0
    endloop
  endfacet
  facet normal -0.852418 0.522862 0
    outer loop
      vertex 0.572948 170.563 8.6
      vertex 0.32698 170.162 0
      vertex 0.32698 170.162 8.6
    endloop
  endfacet
  facet normal -0.522542 0.852614 0
    outer loop
      vertex 1.63803 171.473 0
      vertex 1.23664 171.227 8.6
      vertex 1.63803 171.473 8.6
    endloop
  endfacet
  facet normal -0.522542 0.852614 0
    outer loop
      vertex 1.23664 171.227 8.6
      vertex 1.63803 171.473 0
      vertex 1.23664 171.227 0
    endloop
  endfacet
  facet normal 0.382624 -0.923904 0
    outer loop
      vertex 108.727 0.14683 0
      vertex 109.162 0.32698 8.6
      vertex 108.727 0.14683 8.6
    endloop
  endfacet
  facet normal 0.382624 -0.923904 0
    outer loop
      vertex 109.162 0.32698 8.6
      vertex 108.727 0.14683 0
      vertex 109.162 0.32698 0
    endloop
  endfacet
  facet normal 0.97232 -0.233654 0
    outer loop
      vertex 110.653 2.07295 8.6
      vertex 110.763 2.5307 0
      vertex 110.763 2.5307 8.6
    endloop
  endfacet
  facet normal 0.97232 -0.233654 0
    outer loop
      vertex 110.763 2.5307 0
      vertex 110.653 2.07295 8.6
      vertex 110.653 2.07295 0
    endloop
  endfacet
  facet normal -0.649452 -0.760402 0
    outer loop
      vertex 0.878679 0.878679 0
      vertex 1.23664 0.572948 8.6
      vertex 0.878679 0.878679 8.6
    endloop
  endfacet
  facet normal -0.649452 -0.760402 -0
    outer loop
      vertex 1.23664 0.572948 8.6
      vertex 0.878679 0.878679 0
      vertex 1.23664 0.572948 0
    endloop
  endfacet
  facet normal 0.649411 -0.760437 0
    outer loop
      vertex 109.563 0.572948 0
      vertex 109.921 0.878679 8.6
      vertex 109.563 0.572948 8.6
    endloop
  endfacet
  facet normal 0.649411 -0.760437 0
    outer loop
      vertex 109.921 0.878679 8.6
      vertex 109.563 0.572948 0
      vertex 109.921 0.878679 0
    endloop
  endfacet
  facet normal -0.382412 0.923992 0
    outer loop
      vertex 2.07295 171.653 0
      vertex 1.63803 171.473 8.6
      vertex 2.07295 171.653 8.6
    endloop
  endfacet
  facet normal -0.382412 0.923992 0
    outer loop
      vertex 1.63803 171.473 8.6
      vertex 2.07295 171.653 0
      vertex 1.63803 171.473 0
    endloop
  endfacet
  facet normal -0.923879 -0.382684 0
    outer loop
      vertex 0.32698 1.63803 0
      vertex 0.14683 2.07295 8.6
      vertex 0.14683 2.07295 0
    endloop
  endfacet
  facet normal -0.923879 -0.382684 0
    outer loop
      vertex 0.14683 2.07295 8.6
      vertex 0.32698 1.63803 0
      vertex 0.32698 1.63803 8.6
    endloop
  endfacet
  facet normal 0.996906 -0.0785969 0
    outer loop
      vertex 110.763 2.5307 8.6
      vertex 110.8 3 0
      vertex 110.8 3 8.6
    endloop
  endfacet
  facet normal 0.996906 -0.0785969 0
    outer loop
      vertex 110.8 3 0
      vertex 110.763 2.5307 8.6
      vertex 110.763 2.5307 0
    endloop
  endfacet
  facet normal 0.233323 -0.972399 0
    outer loop
      vertex 108.269 0.0369349 0
      vertex 108.727 0.14683 8.6
      vertex 108.269 0.0369349 8.6
    endloop
  endfacet
  facet normal 0.233323 -0.972399 0
    outer loop
      vertex 108.727 0.14683 8.6
      vertex 108.269 0.0369349 0
      vertex 108.727 0.14683 0
    endloop
  endfacet
  facet normal 0.522862 -0.852418 0
    outer loop
      vertex 109.162 0.32698 0
      vertex 109.563 0.572948 8.6
      vertex 109.162 0.32698 8.6
    endloop
  endfacet
  facet normal 0.522862 -0.852418 0
    outer loop
      vertex 109.563 0.572948 8.6
      vertex 109.162 0.32698 0
      vertex 109.563 0.572948 0
    endloop
  endfacet
  facet normal 0.522911 0.852387 -0
    outer loop
      vertex 109.563 171.227 0
      vertex 109.162 171.473 8.6
      vertex 109.563 171.227 8.6
    endloop
  endfacet
  facet normal 0.522911 0.852387 0
    outer loop
      vertex 109.162 171.473 8.6
      vertex 109.563 171.227 0
      vertex 109.162 171.473 0
    endloop
  endfacet
  facet normal -0.852644 -0.522492 0
    outer loop
      vertex 0.572948 1.23664 0
      vertex 0.32698 1.63803 8.6
      vertex 0.32698 1.63803 0
    endloop
  endfacet
  facet normal -0.852644 -0.522492 0
    outer loop
      vertex 0.32698 1.63803 8.6
      vertex 0.572948 1.23664 0
      vertex 0.572948 1.23664 8.6
    endloop
  endfacet
  facet normal -0.0785969 0.996906 0
    outer loop
      vertex 3 171.8 0
      vertex 2.5307 171.763 8.6
      vertex 3 171.8 8.6
    endloop
  endfacet
  facet normal -0.0785969 0.996906 0
    outer loop
      vertex 2.5307 171.763 8.6
      vertex 3 171.8 0
      vertex 2.5307 171.763 0
    endloop
  endfacet
  facet normal -0.233654 0.97232 0
    outer loop
      vertex 2.5307 171.763 0
      vertex 2.07295 171.653 8.6
      vertex 2.5307 171.763 8.6
    endloop
  endfacet
  facet normal -0.233654 0.97232 0
    outer loop
      vertex 2.07295 171.653 8.6
      vertex 2.5307 171.763 0
      vertex 2.07295 171.653 0
    endloop
  endfacet
  facet normal 0.0786469 0.996903 -0
    outer loop
      vertex 108.269 171.763 0
      vertex 107.8 171.8 8.6
      vertex 108.269 171.763 8.6
    endloop
  endfacet
  facet normal 0.0786469 0.996903 0
    outer loop
      vertex 107.8 171.8 8.6
      vertex 108.269 171.763 0
      vertex 107.8 171.8 0
    endloop
  endfacet
  facet normal 0.233534 0.972349 -0
    outer loop
      vertex 108.727 171.653 0
      vertex 108.269 171.763 8.6
      vertex 108.727 171.653 8.6
    endloop
  endfacet
  facet normal 0.233534 0.972349 0
    outer loop
      vertex 108.269 171.763 8.6
      vertex 108.727 171.653 0
      vertex 108.269 171.763 0
    endloop
  endfacet
  facet normal -0.382684 -0.923879 0
    outer loop
      vertex 1.63803 0.32698 0
      vertex 2.07295 0.14683 8.6
      vertex 1.63803 0.32698 8.6
    endloop
  endfacet
  facet normal -0.382684 -0.923879 -0
    outer loop
      vertex 2.07295 0.14683 8.6
      vertex 1.63803 0.32698 0
      vertex 2.07295 0.14683 0
    endloop
  endfacet
  facet normal -0.522492 -0.852644 0
    outer loop
      vertex 1.23664 0.572948 0
      vertex 1.63803 0.32698 8.6
      vertex 1.23664 0.572948 8.6
    endloop
  endfacet
  facet normal -0.522492 -0.852644 -0
    outer loop
      vertex 1.63803 0.32698 8.6
      vertex 1.23664 0.572948 0
      vertex 1.63803 0.32698 0
    endloop
  endfacet
  facet normal 0.924017 0.382352 0
    outer loop
      vertex 110.653 169.727 8.6
      vertex 110.473 170.162 0
      vertex 110.473 170.162 8.6
    endloop
  endfacet
  facet normal 0.924017 0.382352 0
    outer loop
      vertex 110.473 170.162 0
      vertex 110.653 169.727 8.6
      vertex 110.653 169.727 0
    endloop
  endfacet
  facet normal -0.760437 0.649411 0
    outer loop
      vertex 0.572948 170.563 0
      vertex 0.878679 170.921 8.6
      vertex 0.878679 170.921 0
    endloop
  endfacet
  facet normal -0.760437 0.649411 0
    outer loop
      vertex 0.878679 170.921 8.6
      vertex 0.572948 170.563 0
      vertex 0.572948 170.563 8.6
    endloop
  endfacet
  facet normal -0.649782 0.76012 0
    outer loop
      vertex 1.23664 171.227 0
      vertex 0.878679 170.921 8.6
      vertex 1.23664 171.227 8.6
    endloop
  endfacet
  facet normal -0.649782 0.76012 0
    outer loop
      vertex 0.878679 170.921 8.6
      vertex 1.23664 171.227 0
      vertex 0.878679 170.921 0
    endloop
  endfacet
  facet normal -0 0 1
    outer loop
      vertex 3 171.8 8.6
      vertex 107.8 168.8 8.6
      vertex 107.8 171.8 8.6
    endloop
  endfacet
  facet normal 0 0 1
    outer loop
      vertex 3 171.8 8.6
      vertex 3 168.8 8.6
      vertex 107.8 168.8 8.6
    endloop
  endfacet
  facet normal -0 0 1
    outer loop
      vertex 2.5307 171.763 8.6
      vertex 3 168.8 8.6
      vertex 3 171.8 8.6
    endloop
  endfacet
  facet normal 0 0 1
    outer loop
      vertex 3 168.8 8.6
      vertex 0 168.8 8.6
      vertex 3 3 8.6
    endloop
  endfacet
  facet normal -0 0 1
    outer loop
      vertex 2.07295 171.653 8.6
      vertex 3 168.8 8.6
      vertex 2.5307 171.763 8.6
    endloop
  endfacet
  facet normal 0 0 1
    outer loop
      vertex 0 3 8.6
      vertex 3 3 8.6
      vertex 0 168.8 8.6
    endloop
  endfacet
  facet normal -0 0 1
    outer loop
      vertex 1.63803 171.473 8.6
      vertex 3 168.8 8.6
      vertex 2.07295 171.653 8.6
    endloop
  endfacet
  facet normal 0 -0 1
    outer loop
      vertex 0.0369349 2.5307 8.6
      vertex 3 3 8.6
      vertex 0 3 8.6
    endloop
  endfacet
  facet normal -0 0 1
    outer loop
      vertex 1.23664 171.227 8.6
      vertex 3 168.8 8.6
      vertex 1.63803 171.473 8.6
    endloop
  endfacet
  facet normal 0 0 1
    outer loop
      vertex 3 3 8.6
      vertex 2.5307 0.0369349 8.6
      vertex 3 0 8.6
    endloop
  endfacet
  facet normal -0 0 1
    outer loop
      vertex 0.878679 170.921 8.6
      vertex 3 168.8 8.6
      vertex 1.23664 171.227 8.6
    endloop
  endfacet
  facet normal 0 0 1
    outer loop
      vertex 3 3 8.6
      vertex 2.07295 0.14683 8.6
      vertex 2.5307 0.0369349 8.6
    endloop
  endfacet
  facet normal -0 0 1
    outer loop
      vertex 0.572948 170.563 8.6
      vertex 3 168.8 8.6
      vertex 0.878679 170.921 8.6
    endloop
  endfacet
  facet normal 0 0 1
    outer loop
      vertex 3 3 8.6
      vertex 1.63803 0.32698 8.6
      vertex 2.07295 0.14683 8.6
    endloop
  endfacet
  facet normal -0 0 1
    outer loop
      vertex 0.32698 170.162 8.6
      vertex 3 168.8 8.6
      vertex 0.572948 170.563 8.6
    endloop
  endfacet
  facet normal 0 0 1
    outer loop
      vertex 3 3 8.6
      vertex 1.23664 0.572948 8.6
      vertex 1.63803 0.32698 8.6
    endloop
  endfacet
  facet normal -0 0 1
    outer loop
      vertex 0.14683 169.727 8.6
      vertex 3 168.8 8.6
      vertex 0.32698 170.162 8.6
    endloop
  endfacet
  facet normal 0 0 1
    outer loop
      vertex 3 3 8.6
      vertex 0.878679 0.878679 8.6
      vertex 1.23664 0.572948 8.6
    endloop
  endfacet
  facet normal -0 0 1
    outer loop
      vertex 0.0369349 169.269 8.6
      vertex 3 168.8 8.6
      vertex 0.14683 169.727 8.6
    endloop
  endfacet
  facet normal 0 0 1
    outer loop
      vertex 3 3 8.6
      vertex 0.572948 1.23664 8.6
      vertex 0.878679 0.878679 8.6
    endloop
  endfacet
  facet normal 0 0 1
    outer loop
      vertex 3 168.8 8.6
      vertex 0.0369349 169.269 8.6
      vertex 0 168.8 8.6
    endloop
  endfacet
  facet normal 0 0 1
    outer loop
      vertex 3 3 8.6
      vertex 0.32698 1.63803 8.6
      vertex 0.572948 1.23664 8.6
    endloop
  endfacet
  facet normal 0 0 1
    outer loop
      vertex 3 3 8.6
      vertex 0.14683 2.07295 8.6
      vertex 0.32698 1.63803 8.6
    endloop
  endfacet
  facet normal 0 0 1
    outer loop
      vertex 3 3 8.6
      vertex 0.0369349 2.5307 8.6
      vertex 0.14683 2.07295 8.6
    endloop
  endfacet
  facet normal 0 0 1
    outer loop
      vertex 107.8 168.8 8.6
      vertex 110.8 168.8 8.6
      vertex 110.763 169.269 8.6
    endloop
  endfacet
  facet normal 0 0 1
    outer loop
      vertex 110.8 168.8 8.6
      vertex 107.8 168.8 8.6
      vertex 110.8 3 8.6
    endloop
  endfacet
  facet normal 0 0 1
    outer loop
      vertex 107.8 168.8 8.6
      vertex 110.763 169.269 8.6
      vertex 110.653 169.727 8.6
    endloop
  endfacet
  facet normal 0 0 1
    outer loop
      vertex 107.8 3 8.6
      vertex 110.8 3 8.6
      vertex 107.8 168.8 8.6
    endloop
  endfacet
  facet normal 0 0 1
    outer loop
      vertex 107.8 168.8 8.6
      vertex 110.653 169.727 8.6
      vertex 110.473 170.162 8.6
    endloop
  endfacet
  facet normal 0 0 1
    outer loop
      vertex 110.8 3 8.6
      vertex 107.8 3 8.6
      vertex 110.763 2.5307 8.6
    endloop
  endfacet
  facet normal 0 0 1
    outer loop
      vertex 107.8 168.8 8.6
      vertex 110.473 170.162 8.6
      vertex 110.227 170.563 8.6
    endloop
  endfacet
  facet normal 0 0 1
    outer loop
      vertex 110.763 2.5307 8.6
      vertex 107.8 3 8.6
      vertex 110.653 2.07295 8.6
    endloop
  endfacet
  facet normal 0 0 1
    outer loop
      vertex 107.8 168.8 8.6
      vertex 110.227 170.563 8.6
      vertex 109.921 170.921 8.6
    endloop
  endfacet
  facet normal 0 0 1
    outer loop
      vertex 110.653 2.07295 8.6
      vertex 107.8 3 8.6
      vertex 110.473 1.63803 8.6
    endloop
  endfacet
  facet normal 0 0 1
    outer loop
      vertex 107.8 168.8 8.6
      vertex 109.921 170.921 8.6
      vertex 109.563 171.227 8.6
    endloop
  endfacet
  facet normal 0 0 1
    outer loop
      vertex 110.473 1.63803 8.6
      vertex 107.8 3 8.6
      vertex 110.227 1.23664 8.6
    endloop
  endfacet
  facet normal 0 0 1
    outer loop
      vertex 107.8 168.8 8.6
      vertex 109.563 171.227 8.6
      vertex 109.162 171.473 8.6
    endloop
  endfacet
  facet normal 0 0 1
    outer loop
      vertex 110.227 1.23664 8.6
      vertex 107.8 3 8.6
      vertex 109.921 0.878679 8.6
    endloop
  endfacet
  facet normal 0 0 1
    outer loop
      vertex 107.8 168.8 8.6
      vertex 109.162 171.473 8.6
      vertex 108.727 171.653 8.6
    endloop
  endfacet
  facet normal 0 0 1
    outer loop
      vertex 109.921 0.878679 8.6
      vertex 107.8 3 8.6
      vertex 109.563 0.572948 8.6
    endloop
  endfacet
  facet normal 0 0 1
    outer loop
      vertex 107.8 168.8 8.6
      vertex 108.727 171.653 8.6
      vertex 108.269 171.763 8.6
    endloop
  endfacet
  facet normal 0 0 1
    outer loop
      vertex 109.563 0.572948 8.6
      vertex 107.8 3 8.6
      vertex 109.162 0.32698 8.6
    endloop
  endfacet
  facet normal 0 0 1
    outer loop
      vertex 107.8 168.8 8.6
      vertex 108.269 171.763 8.6
      vertex 107.8 171.8 8.6
    endloop
  endfacet
  facet normal 0 0 1
    outer loop
      vertex 109.162 0.32698 8.6
      vertex 107.8 3 8.6
      vertex 108.727 0.14683 8.6
    endloop
  endfacet
  facet normal 0 0 1
    outer loop
      vertex 108.727 0.14683 8.6
      vertex 107.8 3 8.6
      vertex 108.269 0.0369349 8.6
    endloop
  endfacet
  facet normal 0 0 1
    outer loop
      vertex 107.8 3 8.6
      vertex 107.8 0 8.6
      vertex 108.269 0.0369349 8.6
    endloop
  endfacet
  facet normal -0 0 1
    outer loop
      vertex 3 3 8.6
      vertex 107.8 0 8.6
      vertex 107.8 3 8.6
    endloop
  endfacet
  facet normal 0 0 1
    outer loop
      vertex 107.8 0 8.6
      vertex 3 3 8.6
      vertex 3 0 8.6
    endloop
  endfacet
  facet normal -1 0 0
    outer loop
      vertex 107.8 85.15 3
      vertex 107.8 3 3
      vertex 107.8 85.15 4.6
    endloop
  endfacet
  facet normal -1 0 0
    outer loop
      vertex 107.8 86.65 4.6
      vertex 107.8 168.8 3
      vertex 107.8 86.65 3
    endloop
  endfacet
  facet normal -1 0 0
    outer loop
      vertex 107.8 168.8 3
      vertex 107.8 86.65 4.6
      vertex 107.8 168.8 8.6
    endloop
  endfacet
  facet normal -1 0 0
    outer loop
      vertex 107.8 85.15 4.6
      vertex 107.8 168.8 8.6
      vertex 107.8 86.65 4.6
    endloop
  endfacet
  facet normal -1 0 0
    outer loop
      vertex 107.8 3 8.6
      vertex 107.8 85.15 4.6
      vertex 107.8 3 3
    endloop
  endfacet
  facet normal -1 0 0
    outer loop
      vertex 107.8 85.15 4.6
      vertex 107.8 3 8.6
      vertex 107.8 168.8 8.6
    endloop
  endfacet
  facet normal 0 0 1
    outer loop
      vertex 71.2383 151.444 3
      vertex 71.4 90.13 3
      vertex 71.95 151.35 3
    endloop
  endfacet
  facet normal 0 0 1
    outer loop
      vertex 59.4 90.13 3
      vertex 71.2383 151.444 3
      vertex 70.575 151.718 3
    endloop
  endfacet
  facet normal 0 0 1
    outer loop
      vertex 51.4 90.13 3
      vertex 70.575 151.718 3
      vertex 70.0055 152.155 3
    endloop
  endfacet
  facet normal 0 0 1
    outer loop
      vertex 21.8945 152.155 3
      vertex 70.0055 152.155 3
      vertex 69.5684 152.725 3
    endloop
  endfacet
  facet normal 0 0 1
    outer loop
      vertex 22.3316 152.725 3
      vertex 69.5684 152.725 3
      vertex 69.2937 153.388 3
    endloop
  endfacet
  facet normal 0 0 1
    outer loop
      vertex 22.6063 153.388 3
      vertex 69.2937 153.388 3
      vertex 69.2 154.1 3
    endloop
  endfacet
  facet normal 0 0 1
    outer loop
      vertex 71.2383 151.444 3
      vertex 63.4 90.13 3
      vertex 71.4 90.13 3
    endloop
  endfacet
  facet normal 0 0 1
    outer loop
      vertex 74.6063 153.388 3
      vertex 107.8 168.8 3
      vertex 74.7 154.1 3
    endloop
  endfacet
  facet normal 0 0 1
    outer loop
      vertex 107.8 168.8 3
      vertex 74.6063 154.812 3
      vertex 74.7 154.1 3
    endloop
  endfacet
  facet normal 0 0 1
    outer loop
      vertex 107.8 168.8 3
      vertex 74.3316 155.475 3
      vertex 74.6063 154.812 3
    endloop
  endfacet
  facet normal 0 0 1
    outer loop
      vertex 107.8 168.8 3
      vertex 73.8945 156.045 3
      vertex 74.3316 155.475 3
    endloop
  endfacet
  facet normal 0 0 1
    outer loop
      vertex 107.8 168.8 3
      vertex 73.325 156.482 3
      vertex 73.8945 156.045 3
    endloop
  endfacet
  facet normal 0 0 1
    outer loop
      vertex 107.8 168.8 3
      vertex 72.6618 156.756 3
      vertex 73.325 156.482 3
    endloop
  endfacet
  facet normal 0 0 1
    outer loop
      vertex 107.8 168.8 3
      vertex 71.95 156.85 3
      vertex 72.6618 156.756 3
    endloop
  endfacet
  facet normal 0 0 1
    outer loop
      vertex 107.8 168.8 3
      vertex 71.2383 156.756 3
      vertex 71.95 156.85 3
    endloop
  endfacet
  facet normal 0 0 1
    outer loop
      vertex 63.4 90.13 3
      vertex 59.4 90.13 3
      vertex 63.4 86.65 3
    endloop
  endfacet
  facet normal 0 0 1
    outer loop
      vertex 71.2383 151.444 3
      vertex 59.4 90.13 3
      vertex 63.4 90.13 3
    endloop
  endfacet
  facet normal 0 0 1
    outer loop
      vertex 22.7 154.1 3
      vertex 69.2 154.1 3
      vertex 69.2937 154.812 3
    endloop
  endfacet
  facet normal 0 0 1
    outer loop
      vertex 70.575 151.718 3
      vertex 51.4 90.13 3
      vertex 59.4 90.13 3
    endloop
  endfacet
  facet normal 0 0 1
    outer loop
      vertex 51.4 90.13 3
      vertex 47.4 90.13 3
      vertex 51.4 86.65 3
    endloop
  endfacet
  facet normal 0 0 1
    outer loop
      vertex 70.0055 152.155 3
      vertex 47.4 90.13 3
      vertex 51.4 90.13 3
    endloop
  endfacet
  facet normal 0 0 1
    outer loop
      vertex 70.0055 152.155 3
      vertex 21.8945 152.155 3
      vertex 47.4 90.13 3
    endloop
  endfacet
  facet normal 0 0 1
    outer loop
      vertex 22.6063 154.812 3
      vertex 69.2937 154.812 3
      vertex 69.5684 155.475 3
    endloop
  endfacet
  facet normal 0 0 1
    outer loop
      vertex 69.2937 153.388 3
      vertex 22.6063 153.388 3
      vertex 22.3316 152.725 3
    endloop
  endfacet
  facet normal 0 0 1
    outer loop
      vertex 69.2 154.1 3
      vertex 22.7 154.1 3
      vertex 22.6063 153.388 3
    endloop
  endfacet
  facet normal 0 0 1
    outer loop
      vertex 22.3316 155.475 3
      vertex 69.5684 155.475 3
      vertex 70.0055 156.045 3
    endloop
  endfacet
  facet normal 0 0 1
    outer loop
      vertex 21.8945 156.045 3
      vertex 70.0055 156.045 3
      vertex 70.575 156.482 3
    endloop
  endfacet
  facet normal 0 0 1
    outer loop
      vertex 3 168.8 3
      vertex 70.575 156.482 3
      vertex 71.2383 156.756 3
    endloop
  endfacet
  facet normal -0 0 1
    outer loop
      vertex 3 168.8 3
      vertex 71.2383 156.756 3
      vertex 107.8 168.8 3
    endloop
  endfacet
  facet normal 0 0 1
    outer loop
      vertex 69.2937 154.812 3
      vertex 22.6063 154.812 3
      vertex 22.7 154.1 3
    endloop
  endfacet
  facet normal 0 0 1
    outer loop
      vertex 69.5684 155.475 3
      vertex 22.3316 155.475 3
      vertex 22.6063 154.812 3
    endloop
  endfacet
  facet normal 0 0 1
    outer loop
      vertex 70.0055 156.045 3
      vertex 21.8945 156.045 3
      vertex 22.3316 155.475 3
    endloop
  endfacet
  facet normal 0 0 1
    outer loop
      vertex 70.575 156.482 3
      vertex 21.325 156.482 3
      vertex 21.8945 156.045 3
    endloop
  endfacet
  facet normal 0 0 1
    outer loop
      vertex 70.575 156.482 3
      vertex 3 168.8 3
      vertex 21.325 156.482 3
    endloop
  endfacet
  facet normal 0 0 1
    outer loop
      vertex 21.325 156.482 3
      vertex 3 168.8 3
      vertex 20.6618 156.756 3
    endloop
  endfacet
  facet normal 0 0 1
    outer loop
      vertex 20.6618 156.756 3
      vertex 3 168.8 3
      vertex 19.95 156.85 3
    endloop
  endfacet
  facet normal 0 0 1
    outer loop
      vertex 17.2937 154.812 3
      vertex 3 168.8 3
      vertex 17.2 154.1 3
    endloop
  endfacet
  facet normal 0 0 1
    outer loop
      vertex 17.5684 155.475 3
      vertex 3 168.8 3
      vertex 17.2937 154.812 3
    endloop
  endfacet
  facet normal 0 0 1
    outer loop
      vertex 18.0055 156.045 3
      vertex 3 168.8 3
      vertex 17.5684 155.475 3
    endloop
  endfacet
  facet normal 0 0 1
    outer loop
      vertex 18.575 156.482 3
      vertex 3 168.8 3
      vertex 18.0055 156.045 3
    endloop
  endfacet
  facet normal 0 0 1
    outer loop
      vertex 19.2382 156.756 3
      vertex 3 168.8 3
      vertex 18.575 156.482 3
    endloop
  endfacet
  facet normal 0 0 1
    outer loop
      vertex 19.95 156.85 3
      vertex 3 168.8 3
      vertex 19.2382 156.756 3
    endloop
  endfacet
  facet normal 0 0 1
    outer loop
      vertex 74.3316 152.725 3
      vertex 107.8 168.8 3
      vertex 74.6063 153.388 3
    endloop
  endfacet
  facet normal 0 0 1
    outer loop
      vertex 107.8 168.8 3
      vertex 74.3316 152.725 3
      vertex 107.8 86.65 3
    endloop
  endfacet
  facet normal -0 0 1
    outer loop
      vertex 73.8945 152.155 3
      vertex 107.8 86.65 3
      vertex 74.3316 152.725 3
    endloop
  endfacet
  facet normal -0 0 1
    outer loop
      vertex 73.325 151.718 3
      vertex 107.8 86.65 3
      vertex 73.8945 152.155 3
    endloop
  endfacet
  facet normal 0 0 1
    outer loop
      vertex 71.4 90.13 3
      vertex 73.325 151.718 3
      vertex 72.6618 151.444 3
    endloop
  endfacet
  facet normal 0 0 1
    outer loop
      vertex 71.4 90.13 3
      vertex 72.6618 151.444 3
      vertex 71.95 151.35 3
    endloop
  endfacet
  facet normal 0 0 1
    outer loop
      vertex 73.325 151.718 3
      vertex 71.4 90.13 3
      vertex 107.8 86.65 3
    endloop
  endfacet
  facet normal 0 0 1
    outer loop
      vertex 107.8 86.65 3
      vertex 71.4 90.13 3
      vertex 71.4 86.65 3
    endloop
  endfacet
  facet normal 0 0 1
    outer loop
      vertex 63.4 86.65 3
      vertex 59.4 90.13 3
      vertex 59.4 86.65 3
    endloop
  endfacet
  facet normal 0 0 1
    outer loop
      vertex 51.4 86.65 3
      vertex 47.4 90.13 3
      vertex 47.4 86.65 3
    endloop
  endfacet
  facet normal 0 0 1
    outer loop
      vertex 69.5684 152.725 3
      vertex 22.3316 152.725 3
      vertex 21.8945 152.155 3
    endloop
  endfacet
  facet normal 0 0 1
    outer loop
      vertex 47.4 90.13 3
      vertex 21.8945 152.155 3
      vertex 39.4 90.13 3
    endloop
  endfacet
  facet normal -0 0 1
    outer loop
      vertex 21.325 151.718 3
      vertex 39.4 90.13 3
      vertex 21.8945 152.155 3
    endloop
  endfacet
  facet normal -0 0 1
    outer loop
      vertex 20.6618 151.444 3
      vertex 39.4 90.13 3
      vertex 21.325 151.718 3
    endloop
  endfacet
  facet normal -0 0 1
    outer loop
      vertex 19.95 151.35 3
      vertex 39.4 90.13 3
      vertex 20.6618 151.444 3
    endloop
  endfacet
  facet normal 0 0 1
    outer loop
      vertex 3 86.65 3
      vertex 39.4 90.13 3
      vertex 19.95 151.35 3
    endloop
  endfacet
  facet normal 0 0 1
    outer loop
      vertex 3 86.65 3
      vertex 19.95 151.35 3
      vertex 19.2382 151.444 3
    endloop
  endfacet
  facet normal 0 0 1
    outer loop
      vertex 3 86.65 3
      vertex 19.2382 151.444 3
      vertex 18.575 151.718 3
    endloop
  endfacet
  facet normal 0 0 1
    outer loop
      vertex 3 86.65 3
      vertex 18.575 151.718 3
      vertex 18.0055 152.155 3
    endloop
  endfacet
  facet normal 0 0 1
    outer loop
      vertex 3 86.65 3
      vertex 18.0055 152.155 3
      vertex 17.5684 152.725 3
    endloop
  endfacet
  facet normal 0 0 1
    outer loop
      vertex 3 168.8 3
      vertex 17.5684 152.725 3
      vertex 17.2937 153.388 3
    endloop
  endfacet
  facet normal 0 0 1
    outer loop
      vertex 3 168.8 3
      vertex 17.2937 153.388 3
      vertex 17.2 154.1 3
    endloop
  endfacet
  facet normal 0 0 1
    outer loop
      vertex 17.5684 152.725 3
      vertex 3 168.8 3
      vertex 3 86.65 3
    endloop
  endfacet
  facet normal 0 0 1
    outer loop
      vertex 39.4 90.13 3
      vertex 3 86.65 3
      vertex 39.4 86.65 3
    endloop
  endfacet
  facet normal -0 0 1
    outer loop
      vertex 3 85.15 3
      vertex 39.4 60.13 3
      vertex 39.4 85.15 3
    endloop
  endfacet
  facet normal 0 0 1
    outer loop
      vertex 39.4 60.13 3
      vertex 22.6063 9.48175 3
      vertex 22.7 8.77 3
    endloop
  endfacet
  facet normal 0 0 1
    outer loop
      vertex 39.4 60.13 3
      vertex 22.3316 10.145 3
      vertex 22.6063 9.48175 3
    endloop
  endfacet
  facet normal 0 0 1
    outer loop
      vertex 39.4 60.13 3
      vertex 21.8945 10.7145 3
      vertex 22.3316 10.145 3
    endloop
  endfacet
  facet normal 0 0 1
    outer loop
      vertex 39.4 60.13 3
      vertex 21.325 11.1516 3
      vertex 21.8945 10.7145 3
    endloop
  endfacet
  facet normal 0 0 1
    outer loop
      vertex 39.4 60.13 3
      vertex 20.6618 11.4263 3
      vertex 21.325 11.1516 3
    endloop
  endfacet
  facet normal 0 0 1
    outer loop
      vertex 39.4 60.13 3
      vertex 19.95 11.52 3
      vertex 20.6618 11.4263 3
    endloop
  endfacet
  facet normal 0 -0 1
    outer loop
      vertex 18.575 11.1516 3
      vertex 39.4 60.13 3
      vertex 3 85.15 3
    endloop
  endfacet
  facet normal 0 0 1
    outer loop
      vertex 39.4 60.13 3
      vertex 19.2382 11.4263 3
      vertex 19.95 11.52 3
    endloop
  endfacet
  facet normal 0 0 1
    outer loop
      vertex 39.4 60.13 3
      vertex 18.575 11.1516 3
      vertex 19.2382 11.4263 3
    endloop
  endfacet
  facet normal 0 0 1
    outer loop
      vertex 18.575 11.1516 3
      vertex 3 85.15 3
      vertex 18.0055 10.7145 3
    endloop
  endfacet
  facet normal 0 0 1
    outer loop
      vertex 3 3 3
      vertex 18.0055 10.7145 3
      vertex 3 85.15 3
    endloop
  endfacet
  facet normal 0 0 1
    outer loop
      vertex 17.5684 10.145 3
      vertex 3 3 3
      vertex 17.2937 9.48175 3
    endloop
  endfacet
  facet normal 0 0 1
    outer loop
      vertex 18.0055 10.7145 3
      vertex 3 3 3
      vertex 17.5684 10.145 3
    endloop
  endfacet
  facet normal 0 0 1
    outer loop
      vertex 51.4 85.15 3
      vertex 47.4 85.15 3
      vertex 51.4 60.13 3
    endloop
  endfacet
  facet normal 0 0 1
    outer loop
      vertex 63.4 85.15 3
      vertex 59.4 85.15 3
      vertex 63.4 60.13 3
    endloop
  endfacet
  facet normal -0 0 1
    outer loop
      vertex 71.4 60.13 3
      vertex 107.8 3 3
      vertex 107.8 85.15 3
    endloop
  endfacet
  facet normal 0 0 1
    outer loop
      vertex 107.8 3 3
      vertex 74.6063 9.48175 3
      vertex 74.7 8.77 3
    endloop
  endfacet
  facet normal 0 0 1
    outer loop
      vertex 107.8 3 3
      vertex 74.3316 10.145 3
      vertex 74.6063 9.48175 3
    endloop
  endfacet
  facet normal -0 -0 1
    outer loop
      vertex 73.8945 10.7145 3
      vertex 107.8 3 3
      vertex 71.4 60.13 3
    endloop
  endfacet
  facet normal 0 0 1
    outer loop
      vertex 107.8 3 3
      vertex 73.8945 10.7145 3
      vertex 74.3316 10.145 3
    endloop
  endfacet
  facet normal 0 0 1
    outer loop
      vertex 73.8945 10.7145 3
      vertex 71.4 60.13 3
      vertex 73.325 11.1516 3
    endloop
  endfacet
  facet normal 0 0 1
    outer loop
      vertex 73.325 11.1516 3
      vertex 71.4 60.13 3
      vertex 72.6618 11.4263 3
    endloop
  endfacet
  facet normal 0 0 1
    outer loop
      vertex 71.4 60.13 3
      vertex 107.8 85.15 3
      vertex 71.4 85.15 3
    endloop
  endfacet
  facet normal 0 0 1
    outer loop
      vertex 72.6618 11.4263 3
      vertex 71.4 60.13 3
      vertex 71.95 11.52 3
    endloop
  endfacet
  facet normal 0 0 1
    outer loop
      vertex 71.4 60.13 3
      vertex 71.2383 11.4263 3
      vertex 71.95 11.52 3
    endloop
  endfacet
  facet normal -0 0 1
    outer loop
      vertex 63.4 60.13 3
      vertex 71.2383 11.4263 3
      vertex 71.4 60.13 3
    endloop
  endfacet
  facet normal 0 0 1
    outer loop
      vertex 71.2383 11.4263 3
      vertex 63.4 60.13 3
      vertex 70.575 11.1516 3
    endloop
  endfacet
  facet normal -0 0 1
    outer loop
      vertex 59.4 60.13 3
      vertex 70.575 11.1516 3
      vertex 63.4 60.13 3
    endloop
  endfacet
  facet normal -0 0 1
    outer loop
      vertex 51.4 60.13 3
      vertex 70.575 11.1516 3
      vertex 59.4 60.13 3
    endloop
  endfacet
  facet normal 0 0 1
    outer loop
      vertex 70.575 11.1516 3
      vertex 51.4 60.13 3
      vertex 70.0055 10.7145 3
    endloop
  endfacet
  facet normal 0 0 1
    outer loop
      vertex 45.4 3.1 3
      vertex 70.0055 10.7145 3
      vertex 51.4 60.13 3
    endloop
  endfacet
  facet normal 0 0 1
    outer loop
      vertex 70.0055 10.7145 3
      vertex 45.4 3.1 3
      vertex 69.5684 10.145 3
    endloop
  endfacet
  facet normal 0 0 1
    outer loop
      vertex 59.4 60.13 3
      vertex 63.4 60.13 3
      vertex 59.4 85.15 3
    endloop
  endfacet
  facet normal 0 0 1
    outer loop
      vertex 69.5684 10.145 3
      vertex 45.4 3.1 3
      vertex 69.2937 9.48175 3
    endloop
  endfacet
  facet normal 0 -0 1
    outer loop
      vertex 65.4 3.1 3
      vertex 69.2937 9.48175 3
      vertex 45.4 3.1 3
    endloop
  endfacet
  facet normal 0 0 1
    outer loop
      vertex 47.4 60.13 3
      vertex 51.4 60.13 3
      vertex 47.4 85.15 3
    endloop
  endfacet
  facet normal 0 0 1
    outer loop
      vertex 45.4 3.1 3
      vertex 51.4 60.13 3
      vertex 47.4 60.13 3
    endloop
  endfacet
  facet normal 0 0 1
    outer loop
      vertex 69.2937 9.48175 3
      vertex 65.4 3.1 3
      vertex 69.2 8.77 3
    endloop
  endfacet
  facet normal -0 0 1
    outer loop
      vertex 39.4 60.13 3
      vertex 45.4 3.1 3
      vertex 47.4 60.13 3
    endloop
  endfacet
  facet normal -0 0 1
    outer loop
      vertex 22.7 8.77 3
      vertex 45.4 3.1 3
      vertex 39.4 60.13 3
    endloop
  endfacet
  facet normal -0 0 1
    outer loop
      vertex 22.6063 8.05825 3
      vertex 45.4 3.1 3
      vertex 22.7 8.77 3
    endloop
  endfacet
  facet normal 0 0 1
    outer loop
      vertex 45.4 3.1 3
      vertex 22.6063 8.05825 3
      vertex 45.4 3 3
    endloop
  endfacet
  facet normal -0 0 1
    outer loop
      vertex 22.3316 7.395 3
      vertex 45.4 3 3
      vertex 22.6063 8.05825 3
    endloop
  endfacet
  facet normal -0 0 1
    outer loop
      vertex 21.8945 6.82546 3
      vertex 45.4 3 3
      vertex 22.3316 7.395 3
    endloop
  endfacet
  facet normal -0 0 1
    outer loop
      vertex 21.325 6.38843 3
      vertex 45.4 3 3
      vertex 21.8945 6.82546 3
    endloop
  endfacet
  facet normal -0 0 1
    outer loop
      vertex 20.6618 6.1137 3
      vertex 45.4 3 3
      vertex 21.325 6.38843 3
    endloop
  endfacet
  facet normal -0 0 1
    outer loop
      vertex 19.95 6.02 3
      vertex 45.4 3 3
      vertex 20.6618 6.1137 3
    endloop
  endfacet
  facet normal 0 0 1
    outer loop
      vertex 17.2937 9.48175 3
      vertex 3 3 3
      vertex 17.2 8.77 3
    endloop
  endfacet
  facet normal 0 0 1
    outer loop
      vertex 19.95 6.02 3
      vertex 3 3 3
      vertex 45.4 3 3
    endloop
  endfacet
  facet normal 0 0 1
    outer loop
      vertex 19.2382 6.1137 3
      vertex 3 3 3
      vertex 19.95 6.02 3
    endloop
  endfacet
  facet normal 0 0 1
    outer loop
      vertex 18.575 6.38843 3
      vertex 3 3 3
      vertex 19.2382 6.1137 3
    endloop
  endfacet
  facet normal 0 0 1
    outer loop
      vertex 18.0055 6.82546 3
      vertex 3 3 3
      vertex 18.575 6.38843 3
    endloop
  endfacet
  facet normal 0 0 1
    outer loop
      vertex 17.5684 7.395 3
      vertex 3 3 3
      vertex 18.0055 6.82546 3
    endloop
  endfacet
  facet normal 0 0 1
    outer loop
      vertex 17.2937 8.05825 3
      vertex 3 3 3
      vertex 17.5684 7.395 3
    endloop
  endfacet
  facet normal 0 0 1
    outer loop
      vertex 17.2 8.77 3
      vertex 3 3 3
      vertex 17.2937 8.05825 3
    endloop
  endfacet
  facet normal -0 0 1
    outer loop
      vertex 74.6063 8.05825 3
      vertex 107.8 3 3
      vertex 74.7 8.77 3
    endloop
  endfacet
  facet normal -0 0 1
    outer loop
      vertex 74.3316 7.395 3
      vertex 107.8 3 3
      vertex 74.6063 8.05825 3
    endloop
  endfacet
  facet normal -0 0 1
    outer loop
      vertex 73.8945 6.82546 3
      vertex 107.8 3 3
      vertex 74.3316 7.395 3
    endloop
  endfacet
  facet normal -0 0 1
    outer loop
      vertex 73.325 6.38843 3
      vertex 107.8 3 3
      vertex 73.8945 6.82546 3
    endloop
  endfacet
  facet normal -0 0 1
    outer loop
      vertex 72.6618 6.1137 3
      vertex 107.8 3 3
      vertex 73.325 6.38843 3
    endloop
  endfacet
  facet normal 0 0 1
    outer loop
      vertex 65.4 3 3
      vertex 72.6618 6.1137 3
      vertex 71.95 6.02 3
    endloop
  endfacet
  facet normal 0 0 1
    outer loop
      vertex 65.4 3.1 3
      vertex 69.2937 8.05825 3
      vertex 69.2 8.77 3
    endloop
  endfacet
  facet normal 0 0 1
    outer loop
      vertex 65.4 3.1 3
      vertex 69.5684 7.395 3
      vertex 69.2937 8.05825 3
    endloop
  endfacet
  facet normal 0 0 1
    outer loop
      vertex 65.4 3.1 3
      vertex 70.0055 6.82546 3
      vertex 69.5684 7.395 3
    endloop
  endfacet
  facet normal 0 0 1
    outer loop
      vertex 65.4 3.1 3
      vertex 70.575 6.38843 3
      vertex 70.0055 6.82546 3
    endloop
  endfacet
  facet normal 0 0 1
    outer loop
      vertex 65.4 3 3
      vertex 70.575 6.38843 3
      vertex 65.4 3.1 3
    endloop
  endfacet
  facet normal 0 0 1
    outer loop
      vertex 70.575 6.38843 3
      vertex 65.4 3 3
      vertex 71.2383 6.1137 3
    endloop
  endfacet
  facet normal 0 0 1
    outer loop
      vertex 71.2383 6.1137 3
      vertex 65.4 3 3
      vertex 71.95 6.02 3
    endloop
  endfacet
  facet normal 0 0 1
    outer loop
      vertex 72.6618 6.1137 3
      vertex 65.4 3 3
      vertex 107.8 3 3
    endloop
  endfacet
  facet normal 0 0 -1
    outer loop
      vertex 39.4 85.15 3
      vertex 47.4 86.65 3
      vertex 47.4 85.15 3
    endloop
  endfacet
  facet normal -0 0 -1
    outer loop
      vertex 47.4 86.65 3
      vertex 39.4 85.15 3
      vertex 39.4 86.65 3
    endloop
  endfacet
  facet normal 0 0 -1
    outer loop
      vertex 51.4 85.15 3
      vertex 59.4 86.65 3
      vertex 59.4 85.15 3
    endloop
  endfacet
  facet normal -0 0 -1
    outer loop
      vertex 59.4 86.65 3
      vertex 51.4 85.15 3
      vertex 51.4 86.65 3
    endloop
  endfacet
  facet normal 0 0 -1
    outer loop
      vertex 63.4 85.15 3
      vertex 71.4 86.65 3
      vertex 71.4 85.15 3
    endloop
  endfacet
  facet normal -0 0 -1
    outer loop
      vertex 71.4 86.65 3
      vertex 63.4 85.15 3
      vertex 63.4 86.65 3
    endloop
  endfacet
  facet normal 1 0 0
    outer loop
      vertex 3 168.8 8.6
      vertex 3 86.65 4.6
      vertex 3 168.8 3
    endloop
  endfacet
  facet normal 1 0 0
    outer loop
      vertex 3 168.8 8.6
      vertex 3 85.15 4.6
      vertex 3 86.65 4.6
    endloop
  endfacet
  facet normal 1 -0 0
    outer loop
      vertex 3 3 8.6
      vertex 3 85.15 4.6
      vertex 3 168.8 8.6
    endloop
  endfacet
  facet normal 1 0 0
    outer loop
      vertex 3 3 3
      vertex 3 85.15 4.6
      vertex 3 3 8.6
    endloop
  endfacet
  facet normal 1 0 0
    outer loop
      vertex 3 85.15 4.6
      vertex 3 3 3
      vertex 3 85.15 3
    endloop
  endfacet
  facet normal 1 0 0
    outer loop
      vertex 3 168.8 3
      vertex 3 86.65 4.6
      vertex 3 86.65 3
    endloop
  endfacet
  facet normal 0 -1 0
    outer loop
      vertex 3 168.8 3
      vertex 107.8 168.8 8.6
      vertex 3 168.8 8.6
    endloop
  endfacet
  facet normal 0 -1 -0
    outer loop
      vertex 107.8 168.8 8.6
      vertex 3 168.8 3
      vertex 107.8 168.8 3
    endloop
  endfacet
  facet normal 0 1 0
    outer loop
      vertex 107.8 3 8.6
      vertex 65.4 3 7.2
      vertex 3 3 8.6
    endloop
  endfacet
  facet normal 0 1 -0
    outer loop
      vertex 107.8 3 3
      vertex 65.4 3 7.2
      vertex 107.8 3 8.6
    endloop
  endfacet
  facet normal 0 1 0
    outer loop
      vertex 65.4 3 7.2
      vertex 107.8 3 3
      vertex 65.4 3 3
    endloop
  endfacet
  facet normal 0 1 -0
    outer loop
      vertex 45.4 3 7.2
      vertex 3 3 8.6
      vertex 65.4 3 7.2
    endloop
  endfacet
  facet normal 0 1 0
    outer loop
      vertex 3 3 3
      vertex 45.4 3 7.2
      vertex 45.4 3 3
    endloop
  endfacet
  facet normal 0 1 0
    outer loop
      vertex 45.4 3 7.2
      vertex 3 3 3
      vertex 3 3 8.6
    endloop
  endfacet
  facet normal -1 0 0
    outer loop
      vertex 65.4 3.1 0
      vertex 65.4 3 3
      vertex 65.4 3.1 3
    endloop
  endfacet
  facet normal -1 0 0
    outer loop
      vertex 65.4 0 0
      vertex 65.4 3 3
      vertex 65.4 3.1 0
    endloop
  endfacet
  facet normal -1 0 0
    outer loop
      vertex 65.4 0 7.2
      vertex 65.4 3 3
      vertex 65.4 0 0
    endloop
  endfacet
  facet normal -1 0 0
    outer loop
      vertex 65.4 3 3
      vertex 65.4 0 7.2
      vertex 65.4 3 7.2
    endloop
  endfacet
  facet normal 0 0 -1
    outer loop
      vertex 45.4 0 7.2
      vertex 65.4 3 7.2
      vertex 65.4 0 7.2
    endloop
  endfacet
  facet normal -0 0 -1
    outer loop
      vertex 65.4 3 7.2
      vertex 45.4 0 7.2
      vertex 45.4 3 7.2
    endloop
  endfacet
  facet normal 1 0 0
    outer loop
      vertex 45.4 3 7.2
      vertex 45.4 0 7.2
      vertex 45.4 3 3
    endloop
  endfacet
  facet normal 1 -0 0
    outer loop
      vertex 45.4 3 3
      vertex 45.4 3.1 0
      vertex 45.4 3.1 3
    endloop
  endfacet
  facet normal 1 0 0
    outer loop
      vertex 45.4 0 0
      vertex 45.4 3 3
      vertex 45.4 0 7.2
    endloop
  endfacet
  facet normal 1 0 0
    outer loop
      vertex 45.4 3 3
      vertex 45.4 0 0
      vertex 45.4 3.1 0
    endloop
  endfacet
  facet normal 0 -1 0
    outer loop
      vertex 45.4 3.1 0
      vertex 65.4 3.1 3
      vertex 45.4 3.1 3
    endloop
  endfacet
  facet normal 0 -1 -0
    outer loop
      vertex 65.4 3.1 3
      vertex 45.4 3.1 0
      vertex 65.4 3.1 0
    endloop
  endfacet
  facet normal -0.130512 0.991447 0
    outer loop
      vertex 19.95 11.52 3
      vertex 19.2382 11.4263 6.5
      vertex 19.95 11.52 6.5
    endloop
  endfacet
  facet normal -0.130512 0.991447 0
    outer loop
      vertex 19.2382 11.4263 6.5
      vertex 19.95 11.52 3
      vertex 19.2382 11.4263 3
    endloop
  endfacet
  facet normal 0.923893 0.382651 0
    outer loop
      vertex 22.6063 9.48175 6.5
      vertex 22.3316 10.145 3
      vertex 22.3316 10.145 6.5
    endloop
  endfacet
  facet normal 0.923893 0.382651 0
    outer loop
      vertex 22.3316 10.145 3
      vertex 22.6063 9.48175 6.5
      vertex 22.6063 9.48175 3
    endloop
  endfacet
  facet normal 0.991446 0.130521 0
    outer loop
      vertex 22.7 8.77 6.5
      vertex 22.6063 9.48175 3
      vertex 22.6063 9.48175 6.5
    endloop
  endfacet
  facet normal 0.991446 0.130521 0
    outer loop
      vertex 22.6063 9.48175 3
      vertex 22.7 8.77 6.5
      vertex 22.7 8.77 3
    endloop
  endfacet
  facet normal 0.793281 0.608855 0
    outer loop
      vertex 22.3316 10.145 6.5
      vertex 21.8945 10.7145 3
      vertex 21.8945 10.7145 6.5
    endloop
  endfacet
  facet normal 0.793281 0.608855 0
    outer loop
      vertex 21.8945 10.7145 3
      vertex 22.3316 10.145 6.5
      vertex 22.3316 10.145 3
    endloop
  endfacet
  facet normal -0.793281 0.608855 0
    outer loop
      vertex 17.5684 10.145 3
      vertex 18.0055 10.7145 6.5
      vertex 18.0055 10.7145 3
    endloop
  endfacet
  facet normal -0.793281 0.608855 0
    outer loop
      vertex 18.0055 10.7145 6.5
      vertex 17.5684 10.145 3
      vertex 17.5684 10.145 6.5
    endloop
  endfacet
  facet normal -0.923893 -0.382651 0
    outer loop
      vertex 17.5684 7.395 3
      vertex 17.2937 8.05825 6.5
      vertex 17.2937 8.05825 3
    endloop
  endfacet
  facet normal -0.923893 -0.382651 0
    outer loop
      vertex 17.2937 8.05825 6.5
      vertex 17.5684 7.395 3
      vertex 17.5684 7.395 6.5
    endloop
  endfacet
  facet normal 0.608855 0.793281 -0
    outer loop
      vertex 21.8945 10.7145 3
      vertex 21.325 11.1516 6.5
      vertex 21.8945 10.7145 6.5
    endloop
  endfacet
  facet normal 0.608855 0.793281 0
    outer loop
      vertex 21.325 11.1516 6.5
      vertex 21.8945 10.7145 3
      vertex 21.325 11.1516 3
    endloop
  endfacet
  facet normal 0.991446 -0.130521 0
    outer loop
      vertex 22.6063 8.05825 6.5
      vertex 22.7 8.77 3
      vertex 22.7 8.77 6.5
    endloop
  endfacet
  facet normal 0.991446 -0.130521 0
    outer loop
      vertex 22.7 8.77 3
      vertex 22.6063 8.05825 6.5
      vertex 22.6063 8.05825 3
    endloop
  endfacet
  facet normal 0.130512 0.991447 -0
    outer loop
      vertex 20.6618 11.4263 3
      vertex 19.95 11.52 6.5
      vertex 20.6618 11.4263 6.5
    endloop
  endfacet
  facet normal 0.130512 0.991447 0
    outer loop
      vertex 19.95 11.52 6.5
      vertex 20.6618 11.4263 3
      vertex 19.95 11.52 3
    endloop
  endfacet
  facet normal -0.608855 0.793281 0
    outer loop
      vertex 18.575 11.1516 3
      vertex 18.0055 10.7145 6.5
      vertex 18.575 11.1516 6.5
    endloop
  endfacet
  facet normal -0.608855 0.793281 0
    outer loop
      vertex 18.0055 10.7145 6.5
      vertex 18.575 11.1516 3
      vertex 18.0055 10.7145 3
    endloop
  endfacet
  facet normal 0.382676 0.923883 -0
    outer loop
      vertex 21.325 11.1516 3
      vertex 20.6618 11.4263 6.5
      vertex 21.325 11.1516 6.5
    endloop
  endfacet
  facet normal 0.382676 0.923883 0
    outer loop
      vertex 20.6618 11.4263 6.5
      vertex 21.325 11.1516 3
      vertex 20.6618 11.4263 3
    endloop
  endfacet
  facet normal 0.608794 -0.793328 0
    outer loop
      vertex 21.325 6.38843 3
      vertex 21.8945 6.82546 6.5
      vertex 21.325 6.38843 6.5
    endloop
  endfacet
  facet normal 0.608794 -0.793328 0
    outer loop
      vertex 21.8945 6.82546 6.5
      vertex 21.325 6.38843 3
      vertex 21.8945 6.82546 3
    endloop
  endfacet
  facet normal -0.382711 -0.923868 0
    outer loop
      vertex 18.575 6.38843 3
      vertex 19.2382 6.1137 6.5
      vertex 18.575 6.38843 6.5
    endloop
  endfacet
  facet normal -0.382711 -0.923868 -0
    outer loop
      vertex 19.2382 6.1137 6.5
      vertex 18.575 6.38843 3
      vertex 19.2382 6.1137 3
    endloop
  endfacet
  facet normal -0.130512 -0.991447 0
    outer loop
      vertex 19.2382 6.1137 3
      vertex 19.95 6.02 6.5
      vertex 19.2382 6.1137 6.5
    endloop
  endfacet
  facet normal -0.130512 -0.991447 -0
    outer loop
      vertex 19.95 6.02 6.5
      vertex 19.2382 6.1137 3
      vertex 19.95 6.02 3
    endloop
  endfacet
  facet normal 0.793302 -0.608829 0
    outer loop
      vertex 21.8945 6.82546 6.5
      vertex 22.3316 7.395 3
      vertex 22.3316 7.395 6.5
    endloop
  endfacet
  facet normal 0.793302 -0.608829 0
    outer loop
      vertex 22.3316 7.395 3
      vertex 21.8945 6.82546 6.5
      vertex 21.8945 6.82546 3
    endloop
  endfacet
  facet normal -0.991446 -0.130521 0
    outer loop
      vertex 17.2937 8.05825 3
      vertex 17.2 8.77 6.5
      vertex 17.2 8.77 3
    endloop
  endfacet
  facet normal -0.991446 -0.130521 0
    outer loop
      vertex 17.2 8.77 6.5
      vertex 17.2937 8.05825 3
      vertex 17.2937 8.05825 6.5
    endloop
  endfacet
  facet normal 0.130512 -0.991447 0
    outer loop
      vertex 19.95 6.02 3
      vertex 20.6618 6.1137 6.5
      vertex 19.95 6.02 6.5
    endloop
  endfacet
  facet normal 0.130512 -0.991447 0
    outer loop
      vertex 20.6618 6.1137 6.5
      vertex 19.95 6.02 3
      vertex 20.6618 6.1137 3
    endloop
  endfacet
  facet normal -0.991446 0.130521 0
    outer loop
      vertex 17.2 8.77 3
      vertex 17.2937 9.48175 6.5
      vertex 17.2937 9.48175 3
    endloop
  endfacet
  facet normal -0.991446 0.130521 0
    outer loop
      vertex 17.2937 9.48175 6.5
      vertex 17.2 8.77 3
      vertex 17.2 8.77 6.5
    endloop
  endfacet
  facet normal -0.793302 -0.608829 0
    outer loop
      vertex 18.0055 6.82546 3
      vertex 17.5684 7.395 6.5
      vertex 17.5684 7.395 3
    endloop
  endfacet
  facet normal -0.793302 -0.608829 0
    outer loop
      vertex 17.5684 7.395 6.5
      vertex 18.0055 6.82546 3
      vertex 18.0055 6.82546 6.5
    endloop
  endfacet
  facet normal -0.382676 0.923883 0
    outer loop
      vertex 19.2382 11.4263 3
      vertex 18.575 11.1516 6.5
      vertex 19.2382 11.4263 6.5
    endloop
  endfacet
  facet normal -0.382676 0.923883 0
    outer loop
      vertex 18.575 11.1516 6.5
      vertex 19.2382 11.4263 3
      vertex 18.575 11.1516 3
    endloop
  endfacet
  facet normal 0.923893 -0.382651 0
    outer loop
      vertex 22.3316 7.395 6.5
      vertex 22.6063 8.05825 3
      vertex 22.6063 8.05825 6.5
    endloop
  endfacet
  facet normal 0.923893 -0.382651 0
    outer loop
      vertex 22.6063 8.05825 3
      vertex 22.3316 7.395 6.5
      vertex 22.3316 7.395 3
    endloop
  endfacet
  facet normal -0.608794 -0.793328 0
    outer loop
      vertex 18.0055 6.82546 3
      vertex 18.575 6.38843 6.5
      vertex 18.0055 6.82546 6.5
    endloop
  endfacet
  facet normal -0.608794 -0.793328 -0
    outer loop
      vertex 18.575 6.38843 6.5
      vertex 18.0055 6.82546 3
      vertex 18.575 6.38843 3
    endloop
  endfacet
  facet normal 0.382711 -0.923868 0
    outer loop
      vertex 20.6618 6.1137 3
      vertex 21.325 6.38843 6.5
      vertex 20.6618 6.1137 6.5
    endloop
  endfacet
  facet normal 0.382711 -0.923868 0
    outer loop
      vertex 21.325 6.38843 6.5
      vertex 20.6618 6.1137 3
      vertex 21.325 6.38843 3
    endloop
  endfacet
  facet normal -0.923893 0.382651 0
    outer loop
      vertex 17.2937 9.48175 3
      vertex 17.5684 10.145 6.5
      vertex 17.5684 10.145 3
    endloop
  endfacet
  facet normal -0.923893 0.382651 0
    outer loop
      vertex 17.5684 10.145 6.5
      vertex 17.2937 9.48175 3
      vertex 17.2937 9.48175 6.5
    endloop
  endfacet
  facet normal 0 0 1
    outer loop
      vertex 21.05 8.77 6.5
      vertex 22.7 8.77 6.5
      vertex 22.6063 9.48175 6.5
    endloop
  endfacet
  facet normal 0 0 1
    outer loop
      vertex 20.9962 9.10992 6.5
      vertex 22.6063 9.48175 6.5
      vertex 22.3316 10.145 6.5
    endloop
  endfacet
  facet normal 0 0 1
    outer loop
      vertex 22.7 8.77 6.5
      vertex 21.05 8.77 6.5
      vertex 22.6063 8.05825 6.5
    endloop
  endfacet
  facet normal 0 0 1
    outer loop
      vertex 20.8399 9.41656 6.5
      vertex 22.3316 10.145 6.5
      vertex 21.8945 10.7145 6.5
    endloop
  endfacet
  facet normal -0 0 1
    outer loop
      vertex 20.9962 8.43008 6.5
      vertex 22.6063 8.05825 6.5
      vertex 21.05 8.77 6.5
    endloop
  endfacet
  facet normal 0 0 1
    outer loop
      vertex 20.5966 9.65992 6.5
      vertex 21.8945 10.7145 6.5
      vertex 21.325 11.1516 6.5
    endloop
  endfacet
  facet normal 0 0 1
    outer loop
      vertex 22.6063 8.05825 6.5
      vertex 20.9962 8.43008 6.5
      vertex 22.3316 7.395 6.5
    endloop
  endfacet
  facet normal -0 0 1
    outer loop
      vertex 20.8399 8.12344 6.5
      vertex 22.3316 7.395 6.5
      vertex 20.9962 8.43008 6.5
    endloop
  endfacet
  facet normal 0 0 1
    outer loop
      vertex 22.6063 9.48175 6.5
      vertex 20.9962 9.10992 6.5
      vertex 21.05 8.77 6.5
    endloop
  endfacet
  facet normal 0 0 1
    outer loop
      vertex 22.3316 10.145 6.5
      vertex 20.8399 9.41656 6.5
      vertex 20.9962 9.10992 6.5
    endloop
  endfacet
  facet normal 0 0 1
    outer loop
      vertex 20.2899 9.81616 6.5
      vertex 21.325 11.1516 6.5
      vertex 20.6618 11.4263 6.5
    endloop
  endfacet
  facet normal 0 0 1
    outer loop
      vertex 21.8945 10.7145 6.5
      vertex 20.5966 9.65992 6.5
      vertex 20.8399 9.41656 6.5
    endloop
  endfacet
  facet normal 0 0 1
    outer loop
      vertex 21.325 11.1516 6.5
      vertex 20.2899 9.81616 6.5
      vertex 20.5966 9.65992 6.5
    endloop
  endfacet
  facet normal 0 0 1
    outer loop
      vertex 19.95 9.87 6.5
      vertex 20.6618 11.4263 6.5
      vertex 19.95 11.52 6.5
    endloop
  endfacet
  facet normal 0 0 1
    outer loop
      vertex 20.6618 11.4263 6.5
      vertex 19.95 9.87 6.5
      vertex 20.2899 9.81616 6.5
    endloop
  endfacet
  facet normal -0 0 1
    outer loop
      vertex 19.2382 11.4263 6.5
      vertex 19.95 9.87 6.5
      vertex 19.95 11.52 6.5
    endloop
  endfacet
  facet normal 0 0 1
    outer loop
      vertex 19.95 9.87 6.5
      vertex 19.2382 11.4263 6.5
      vertex 19.6101 9.81616 6.5
    endloop
  endfacet
  facet normal -0 0 1
    outer loop
      vertex 18.575 11.1516 6.5
      vertex 19.6101 9.81616 6.5
      vertex 19.2382 11.4263 6.5
    endloop
  endfacet
  facet normal 0 0 1
    outer loop
      vertex 19.6101 9.81616 6.5
      vertex 18.575 11.1516 6.5
      vertex 19.3034 9.65992 6.5
    endloop
  endfacet
  facet normal -0 0 1
    outer loop
      vertex 18.0055 10.7145 6.5
      vertex 19.3034 9.65992 6.5
      vertex 18.575 11.1516 6.5
    endloop
  endfacet
  facet normal 0 0 1
    outer loop
      vertex 19.3034 9.65992 6.5
      vertex 18.0055 10.7145 6.5
      vertex 19.0601 9.41656 6.5
    endloop
  endfacet
  facet normal -0 0 1
    outer loop
      vertex 17.5684 10.145 6.5
      vertex 19.0601 9.41656 6.5
      vertex 18.0055 10.7145 6.5
    endloop
  endfacet
  facet normal 0 0 1
    outer loop
      vertex 22.3316 7.395 6.5
      vertex 20.8399 8.12344 6.5
      vertex 21.8945 6.82546 6.5
    endloop
  endfacet
  facet normal -0 0 1
    outer loop
      vertex 20.5966 7.88008 6.5
      vertex 21.8945 6.82546 6.5
      vertex 20.8399 8.12344 6.5
    endloop
  endfacet
  facet normal 0 0 1
    outer loop
      vertex 21.8945 6.82546 6.5
      vertex 20.5966 7.88008 6.5
      vertex 21.325 6.38843 6.5
    endloop
  endfacet
  facet normal -0 0 1
    outer loop
      vertex 20.2899 7.72384 6.5
      vertex 21.325 6.38843 6.5
      vertex 20.5966 7.88008 6.5
    endloop
  endfacet
  facet normal 0 0 1
    outer loop
      vertex 21.325 6.38843 6.5
      vertex 20.2899 7.72384 6.5
      vertex 20.6618 6.1137 6.5
    endloop
  endfacet
  facet normal -0 0 1
    outer loop
      vertex 19.95 7.67 6.5
      vertex 20.6618 6.1137 6.5
      vertex 20.2899 7.72384 6.5
    endloop
  endfacet
  facet normal 0 0 1
    outer loop
      vertex 19.95 7.67 6.5
      vertex 19.95 6.02 6.5
      vertex 20.6618 6.1137 6.5
    endloop
  endfacet
  facet normal 0 0 1
    outer loop
      vertex 19.2382 6.1137 6.5
      vertex 19.95 7.67 6.5
      vertex 19.6101 7.72384 6.5
    endloop
  endfacet
  facet normal 0 0 1
    outer loop
      vertex 18.575 6.38843 6.5
      vertex 19.6101 7.72384 6.5
      vertex 19.3034 7.88008 6.5
    endloop
  endfacet
  facet normal 0 0 1
    outer loop
      vertex 19.95 7.67 6.5
      vertex 19.2382 6.1137 6.5
      vertex 19.95 6.02 6.5
    endloop
  endfacet
  facet normal 0 0 1
    outer loop
      vertex 18.0055 6.82546 6.5
      vertex 19.3034 7.88008 6.5
      vertex 19.0601 8.12344 6.5
    endloop
  endfacet
  facet normal 0 0 1
    outer loop
      vertex 17.5684 7.395 6.5
      vertex 19.0601 8.12344 6.5
      vertex 18.9038 8.43008 6.5
    endloop
  endfacet
  facet normal 0 0 1
    outer loop
      vertex 17.2937 8.05825 6.5
      vertex 18.9038 8.43008 6.5
      vertex 18.85 8.77 6.5
    endloop
  endfacet
  facet normal 0 0 1
    outer loop
      vertex 19.6101 7.72384 6.5
      vertex 18.575 6.38843 6.5
      vertex 19.2382 6.1137 6.5
    endloop
  endfacet
  facet normal 0 0 1
    outer loop
      vertex 19.0601 9.41656 6.5
      vertex 17.5684 10.145 6.5
      vertex 18.9038 9.10992 6.5
    endloop
  endfacet
  facet normal -0 0 1
    outer loop
      vertex 17.2937 9.48175 6.5
      vertex 18.9038 9.10992 6.5
      vertex 17.5684 10.145 6.5
    endloop
  endfacet
  facet normal 0 0 1
    outer loop
      vertex 19.3034 7.88008 6.5
      vertex 18.0055 6.82546 6.5
      vertex 18.575 6.38843 6.5
    endloop
  endfacet
  facet normal 0 0 1
    outer loop
      vertex 18.9038 9.10992 6.5
      vertex 17.2937 9.48175 6.5
      vertex 18.85 8.77 6.5
    endloop
  endfacet
  facet normal 0 0 1
    outer loop
      vertex 19.0601 8.12344 6.5
      vertex 17.5684 7.395 6.5
      vertex 18.0055 6.82546 6.5
    endloop
  endfacet
  facet normal 0 0 1
    outer loop
      vertex 17.2 8.77 6.5
      vertex 18.85 8.77 6.5
      vertex 17.2937 9.48175 6.5
    endloop
  endfacet
  facet normal 0 0 1
    outer loop
      vertex 18.9038 8.43008 6.5
      vertex 17.2937 8.05825 6.5
      vertex 17.5684 7.395 6.5
    endloop
  endfacet
  facet normal 0 0 1
    outer loop
      vertex 18.85 8.77 6.5
      vertex 17.2 8.77 6.5
      vertex 17.2937 8.05825 6.5
    endloop
  endfacet
  facet normal -0.890975 -0.454053 0
    outer loop
      vertex 20.9825 9.13674 3
      vertex 20.8399 9.41656 6.5
      vertex 20.8399 9.41656 3
    endloop
  endfacet
  facet normal -0.890542 -0.4549 -0
    outer loop
      vertex 20.9962 9.10992 6.5
      vertex 20.9825 9.13674 3
      vertex 20.9962 9.10992 3
    endloop
  endfacet
  facet normal -0.890937 -0.454127 7.4729e-06
    outer loop
      vertex 20.9825 9.13674 3
      vertex 20.9962 9.10992 6.5
      vertex 20.8399 9.41656 6.5
    endloop
  endfacet
  facet normal -0.987705 -0.156327 0
    outer loop
      vertex 21.05 8.77 3
      vertex 20.9962 9.10992 6.5
      vertex 20.9962 9.10992 3
    endloop
  endfacet
  facet normal -0.987705 -0.156327 0
    outer loop
      vertex 20.9962 9.10992 6.5
      vertex 21.05 8.77 3
      vertex 21.05 8.77 6.5
    endloop
  endfacet
  facet normal -0.707194 -0.70702 0
    outer loop
      vertex 20.8399 9.41656 3
      vertex 20.5966 9.65992 6.5
      vertex 20.5966 9.65992 3
    endloop
  endfacet
  facet normal -0.707194 -0.70702 0
    outer loop
      vertex 20.5966 9.65992 6.5
      vertex 20.8399 9.41656 3
      vertex 20.8399 9.41656 6.5
    endloop
  endfacet
  facet normal -0.156449 -0.987686 0
    outer loop
      vertex 19.95 9.87 3
      vertex 20.2899 9.81616 6.5
      vertex 19.95 9.87 6.5
    endloop
  endfacet
  facet normal -0.156449 -0.987686 -0
    outer loop
      vertex 20.2899 9.81616 6.5
      vertex 19.95 9.87 3
      vertex 20.2899 9.81616 3
    endloop
  endfacet
  facet normal 0.987705 -0.156327 0
    outer loop
      vertex 18.85 8.77 6.5
      vertex 18.9038 9.10992 3
      vertex 18.9038 9.10992 6.5
    endloop
  endfacet
  facet normal 0.987705 -0.156327 0
    outer loop
      vertex 18.9038 9.10992 3
      vertex 18.85 8.77 6.5
      vertex 18.85 8.77 3
    endloop
  endfacet
  facet normal -0.453777 -0.891115 0
    outer loop
      vertex 20.4059 9.75709 3
      vertex 20.2899 9.81616 6.5
      vertex 20.2899 9.81616 3
    endloop
  endfacet
  facet normal -0.453918 -0.891043 -5.86946e-06
    outer loop
      vertex 20.2899 9.81616 6.5
      vertex 20.4059 9.75709 3
      vertex 20.5966 9.65992 6.5
    endloop
  endfacet
  facet normal -0.454003 -0.891 -0
    outer loop
      vertex 20.5966 9.65992 6.5
      vertex 20.4059 9.75709 3
      vertex 20.5966 9.65992 3
    endloop
  endfacet
  facet normal 0.453918 -0.891043 0
    outer loop
      vertex 19.3034 9.65992 3
      vertex 19.6101 9.81616 6.5
      vertex 19.3034 9.65992 6.5
    endloop
  endfacet
  facet normal 0.453918 -0.891043 0
    outer loop
      vertex 19.6101 9.81616 6.5
      vertex 19.3034 9.65992 3
      vertex 19.6101 9.81616 3
    endloop
  endfacet
  facet normal 0.156449 0.987686 -0
    outer loop
      vertex 19.95 7.67 3
      vertex 19.6101 7.72384 6.5
      vertex 19.95 7.67 6.5
    endloop
  endfacet
  facet normal 0.156449 0.987686 0
    outer loop
      vertex 19.6101 7.72384 6.5
      vertex 19.95 7.67 3
      vertex 19.6101 7.72384 3
    endloop
  endfacet
  facet normal -0.707194 0.70702 0
    outer loop
      vertex 20.5966 7.88008 3
      vertex 20.8399 8.12344 6.5
      vertex 20.8399 8.12344 3
    endloop
  endfacet
  facet normal -0.707194 0.70702 0
    outer loop
      vertex 20.8399 8.12344 6.5
      vertex 20.5966 7.88008 3
      vertex 20.5966 7.88008 6.5
    endloop
  endfacet
  facet normal 0.890937 0.454127 0
    outer loop
      vertex 19.0601 8.12344 6.5
      vertex 18.9038 8.43008 3
      vertex 18.9038 8.43008 6.5
    endloop
  endfacet
  facet normal 0.890937 0.454127 0
    outer loop
      vertex 18.9038 8.43008 3
      vertex 19.0601 8.12344 6.5
      vertex 19.0601 8.12344 3
    endloop
  endfacet
  facet normal 0.156449 -0.987686 0
    outer loop
      vertex 19.6101 9.81616 3
      vertex 19.95 9.87 6.5
      vertex 19.6101 9.81616 6.5
    endloop
  endfacet
  facet normal 0.156449 -0.987686 0
    outer loop
      vertex 19.95 9.87 6.5
      vertex 19.6101 9.81616 3
      vertex 19.95 9.87 3
    endloop
  endfacet
  facet normal -0.453918 0.891043 0
    outer loop
      vertex 20.5966 7.88008 3
      vertex 20.2899 7.72384 6.5
      vertex 20.5966 7.88008 6.5
    endloop
  endfacet
  facet normal -0.453918 0.891043 0
    outer loop
      vertex 20.2899 7.72384 6.5
      vertex 20.5966 7.88008 3
      vertex 20.2899 7.72384 3
    endloop
  endfacet
  facet normal -0.156449 0.987686 0
    outer loop
      vertex 20.2899 7.72384 3
      vertex 19.95 7.67 6.5
      vertex 20.2899 7.72384 6.5
    endloop
  endfacet
  facet normal -0.156449 0.987686 0
    outer loop
      vertex 19.95 7.67 6.5
      vertex 20.2899 7.72384 3
      vertex 19.95 7.67 3
    endloop
  endfacet
  facet normal 0.987705 0.156327 0
    outer loop
      vertex 18.9038 8.43008 6.5
      vertex 18.85 8.77 3
      vertex 18.85 8.77 6.5
    endloop
  endfacet
  facet normal 0.987705 0.156327 0
    outer loop
      vertex 18.85 8.77 3
      vertex 18.9038 8.43008 6.5
      vertex 18.9038 8.43008 3
    endloop
  endfacet
  facet normal 0.890937 -0.454127 0
    outer loop
      vertex 18.9038 9.10992 6.5
      vertex 19.0601 9.41656 3
      vertex 19.0601 9.41656 6.5
    endloop
  endfacet
  facet normal 0.890937 -0.454127 0
    outer loop
      vertex 19.0601 9.41656 3
      vertex 18.9038 9.10992 6.5
      vertex 18.9038 9.10992 3
    endloop
  endfacet
  facet normal 0.707194 -0.70702 0
    outer loop
      vertex 19.0601 9.41656 6.5
      vertex 19.3034 9.65992 3
      vertex 19.3034 9.65992 6.5
    endloop
  endfacet
  facet normal 0.707194 -0.70702 0
    outer loop
      vertex 19.3034 9.65992 3
      vertex 19.0601 9.41656 6.5
      vertex 19.0601 9.41656 3
    endloop
  endfacet
  facet normal -0.890937 0.454127 0
    outer loop
      vertex 20.8399 8.12344 3
      vertex 20.9962 8.43008 6.5
      vertex 20.9962 8.43008 3
    endloop
  endfacet
  facet normal -0.890937 0.454127 0
    outer loop
      vertex 20.9962 8.43008 6.5
      vertex 20.8399 8.12344 3
      vertex 20.8399 8.12344 6.5
    endloop
  endfacet
  facet normal -0.987682 0.156477 0
    outer loop
      vertex 21.01 8.51752 3
      vertex 21.05 8.77 6.5
      vertex 21.05 8.77 3
    endloop
  endfacet
  facet normal -0.987774 0.155893 0
    outer loop
      vertex 20.9962 8.43008 6.5
      vertex 21.01 8.51752 3
      vertex 20.9962 8.43008 3
    endloop
  endfacet
  facet normal -0.987705 0.156327 1.11048e-05
    outer loop
      vertex 21.01 8.51752 3
      vertex 20.9962 8.43008 6.5
      vertex 21.05 8.77 6.5
    endloop
  endfacet
  facet normal 0.707194 0.70702 0
    outer loop
      vertex 19.3034 7.88008 6.5
      vertex 19.0601 8.12344 3
      vertex 19.0601 8.12344 6.5
    endloop
  endfacet
  facet normal 0.707194 0.70702 0
    outer loop
      vertex 19.0601 8.12344 3
      vertex 19.3034 7.88008 6.5
      vertex 19.3034 7.88008 3
    endloop
  endfacet
  facet normal 0.453918 0.891043 -0
    outer loop
      vertex 19.6101 7.72384 3
      vertex 19.3034 7.88008 6.5
      vertex 19.6101 7.72384 6.5
    endloop
  endfacet
  facet normal 0.453918 0.891043 0
    outer loop
      vertex 19.3034 7.88008 6.5
      vertex 19.6101 7.72384 3
      vertex 19.3034 7.88008 3
    endloop
  endfacet
  facet normal -0.13053 0.991444 0
    outer loop
      vertex 71.95 11.52 3
      vertex 71.2383 11.4263 6.5
      vertex 71.95 11.52 6.5
    endloop
  endfacet
  facet normal -0.13053 0.991444 0
    outer loop
      vertex 71.2383 11.4263 6.5
      vertex 71.95 11.52 3
      vertex 71.2383 11.4263 3
    endloop
  endfacet
  facet normal 0.923893 0.382651 0
    outer loop
      vertex 74.6063 9.48175 6.5
      vertex 74.3316 10.145 3
      vertex 74.3316 10.145 6.5
    endloop
  endfacet
  facet normal 0.923893 0.382651 0
    outer loop
      vertex 74.3316 10.145 3
      vertex 74.6063 9.48175 6.5
      vertex 74.6063 9.48175 3
    endloop
  endfacet
  facet normal 0.991446 0.130521 0
    outer loop
      vertex 74.7 8.77 6.5
      vertex 74.6063 9.48175 3
      vertex 74.6063 9.48175 6.5
    endloop
  endfacet
  facet normal 0.991446 0.130521 0
    outer loop
      vertex 74.6063 9.48175 3
      vertex 74.7 8.77 6.5
      vertex 74.7 8.77 3
    endloop
  endfacet
  facet normal 0.793281 0.608855 0
    outer loop
      vertex 74.3316 10.145 6.5
      vertex 73.8945 10.7145 3
      vertex 73.8945 10.7145 6.5
    endloop
  endfacet
  facet normal 0.793281 0.608855 0
    outer loop
      vertex 73.8945 10.7145 3
      vertex 74.3316 10.145 6.5
      vertex 74.3316 10.145 3
    endloop
  endfacet
  facet normal -0.793281 0.608855 0
    outer loop
      vertex 69.5684 10.145 3
      vertex 70.0055 10.7145 6.5
      vertex 70.0055 10.7145 3
    endloop
  endfacet
  facet normal -0.793281 0.608855 0
    outer loop
      vertex 70.0055 10.7145 6.5
      vertex 69.5684 10.145 3
      vertex 69.5684 10.145 6.5
    endloop
  endfacet
  facet normal -0.923893 -0.382651 0
    outer loop
      vertex 69.5684 7.395 3
      vertex 69.2937 8.05825 6.5
      vertex 69.2937 8.05825 3
    endloop
  endfacet
  facet normal -0.923893 -0.382651 0
    outer loop
      vertex 69.2937 8.05825 6.5
      vertex 69.5684 7.395 3
      vertex 69.5684 7.395 6.5
    endloop
  endfacet
  facet normal 0.608855 0.793281 -0
    outer loop
      vertex 73.8945 10.7145 3
      vertex 73.325 11.1516 6.5
      vertex 73.8945 10.7145 6.5
    endloop
  endfacet
  facet normal 0.608855 0.793281 0
    outer loop
      vertex 73.325 11.1516 6.5
      vertex 73.8945 10.7145 3
      vertex 73.325 11.1516 3
    endloop
  endfacet
  facet normal 0.991446 -0.130521 0
    outer loop
      vertex 74.6063 8.05825 6.5
      vertex 74.7 8.77 3
      vertex 74.7 8.77 6.5
    endloop
  endfacet
  facet normal 0.991446 -0.130521 0
    outer loop
      vertex 74.7 8.77 3
      vertex 74.6063 8.05825 6.5
      vertex 74.6063 8.05825 3
    endloop
  endfacet
  facet normal 0.130512 0.991447 -0
    outer loop
      vertex 72.6618 11.4263 3
      vertex 71.95 11.52 6.5
      vertex 72.6618 11.4263 6.5
    endloop
  endfacet
  facet normal 0.130512 0.991447 0
    outer loop
      vertex 71.95 11.52 6.5
      vertex 72.6618 11.4263 3
      vertex 71.95 11.52 3
    endloop
  endfacet
  facet normal -0.608855 0.793281 0
    outer loop
      vertex 70.575 11.1516 3
      vertex 70.0055 10.7145 6.5
      vertex 70.575 11.1516 6.5
    endloop
  endfacet
  facet normal -0.608855 0.793281 0
    outer loop
      vertex 70.0055 10.7145 6.5
      vertex 70.575 11.1516 3
      vertex 70.0055 10.7145 3
    endloop
  endfacet
  facet normal 0.382676 0.923883 -0
    outer loop
      vertex 73.325 11.1516 3
      vertex 72.6618 11.4263 6.5
      vertex 73.325 11.1516 6.5
    endloop
  endfacet
  facet normal 0.382676 0.923883 0
    outer loop
      vertex 72.6618 11.4263 6.5
      vertex 73.325 11.1516 3
      vertex 72.6618 11.4263 3
    endloop
  endfacet
  facet normal 0.608794 -0.793328 0
    outer loop
      vertex 73.325 6.38843 3
      vertex 73.8945 6.82546 6.5
      vertex 73.325 6.38843 6.5
    endloop
  endfacet
  facet normal 0.608794 -0.793328 0
    outer loop
      vertex 73.8945 6.82546 6.5
      vertex 73.325 6.38843 3
      vertex 73.8945 6.82546 3
    endloop
  endfacet
  facet normal -0.382662 -0.923888 0
    outer loop
      vertex 70.575 6.38843 3
      vertex 71.2383 6.1137 6.5
      vertex 70.575 6.38843 6.5
    endloop
  endfacet
  facet normal -0.382662 -0.923888 -0
    outer loop
      vertex 71.2383 6.1137 6.5
      vertex 70.575 6.38843 3
      vertex 71.2383 6.1137 3
    endloop
  endfacet
  facet normal -0.13053 -0.991444 0
    outer loop
      vertex 71.2383 6.1137 3
      vertex 71.95 6.02 6.5
      vertex 71.2383 6.1137 6.5
    endloop
  endfacet
  facet normal -0.13053 -0.991444 -0
    outer loop
      vertex 71.95 6.02 6.5
      vertex 71.2383 6.1137 3
      vertex 71.95 6.02 3
    endloop
  endfacet
  facet normal 0.793302 -0.608829 0
    outer loop
      vertex 73.8945 6.82546 6.5
      vertex 74.3316 7.395 3
      vertex 74.3316 7.395 6.5
    endloop
  endfacet
  facet normal 0.793302 -0.608829 0
    outer loop
      vertex 74.3316 7.395 3
      vertex 73.8945 6.82546 6.5
      vertex 73.8945 6.82546 3
    endloop
  endfacet
  facet normal -0.991446 -0.130521 0
    outer loop
      vertex 69.2937 8.05825 3
      vertex 69.2 8.77 6.5
      vertex 69.2 8.77 3
    endloop
  endfacet
  facet normal -0.991446 -0.130521 0
    outer loop
      vertex 69.2 8.77 6.5
      vertex 69.2937 8.05825 3
      vertex 69.2937 8.05825 6.5
    endloop
  endfacet
  facet normal 0.130512 -0.991447 0
    outer loop
      vertex 71.95 6.02 3
      vertex 72.6618 6.1137 6.5
      vertex 71.95 6.02 6.5
    endloop
  endfacet
  facet normal 0.130512 -0.991447 0
    outer loop
      vertex 72.6618 6.1137 6.5
      vertex 71.95 6.02 3
      vertex 72.6618 6.1137 3
    endloop
  endfacet
  facet normal -0.991446 0.130521 0
    outer loop
      vertex 69.2 8.77 3
      vertex 69.2937 9.48175 6.5
      vertex 69.2937 9.48175 3
    endloop
  endfacet
  facet normal -0.991446 0.130521 0
    outer loop
      vertex 69.2937 9.48175 6.5
      vertex 69.2 8.77 3
      vertex 69.2 8.77 6.5
    endloop
  endfacet
  facet normal -0.793302 -0.608829 0
    outer loop
      vertex 70.0055 6.82546 3
      vertex 69.5684 7.395 6.5
      vertex 69.5684 7.395 3
    endloop
  endfacet
  facet normal -0.793302 -0.608829 0
    outer loop
      vertex 69.5684 7.395 6.5
      vertex 70.0055 6.82546 3
      vertex 70.0055 6.82546 6.5
    endloop
  endfacet
  facet normal -0.382627 0.923903 0
    outer loop
      vertex 71.2383 11.4263 3
      vertex 70.575 11.1516 6.5
      vertex 71.2383 11.4263 6.5
    endloop
  endfacet
  facet normal -0.382627 0.923903 0
    outer loop
      vertex 70.575 11.1516 6.5
      vertex 71.2383 11.4263 3
      vertex 70.575 11.1516 3
    endloop
  endfacet
  facet normal 0.923893 -0.382651 0
    outer loop
      vertex 74.3316 7.395 6.5
      vertex 74.6063 8.05825 3
      vertex 74.6063 8.05825 6.5
    endloop
  endfacet
  facet normal 0.923893 -0.382651 0
    outer loop
      vertex 74.6063 8.05825 3
      vertex 74.3316 7.395 6.5
      vertex 74.3316 7.395 3
    endloop
  endfacet
  facet normal -0.608794 -0.793328 0
    outer loop
      vertex 70.0055 6.82546 3
      vertex 70.575 6.38843 6.5
      vertex 70.0055 6.82546 6.5
    endloop
  endfacet
  facet normal -0.608794 -0.793328 -0
    outer loop
      vertex 70.575 6.38843 6.5
      vertex 70.0055 6.82546 3
      vertex 70.575 6.38843 3
    endloop
  endfacet
  facet normal 0.382711 -0.923868 0
    outer loop
      vertex 72.6618 6.1137 3
      vertex 73.325 6.38843 6.5
      vertex 72.6618 6.1137 6.5
    endloop
  endfacet
  facet normal 0.382711 -0.923868 0
    outer loop
      vertex 73.325 6.38843 6.5
      vertex 72.6618 6.1137 3
      vertex 73.325 6.38843 3
    endloop
  endfacet
  facet normal -0.923893 0.382651 0
    outer loop
      vertex 69.2937 9.48175 3
      vertex 69.5684 10.145 6.5
      vertex 69.5684 10.145 3
    endloop
  endfacet
  facet normal -0.923893 0.382651 0
    outer loop
      vertex 69.5684 10.145 6.5
      vertex 69.2937 9.48175 3
      vertex 69.2937 9.48175 6.5
    endloop
  endfacet
  facet normal 0 0 1
    outer loop
      vertex 73.05 8.77 6.5
      vertex 74.7 8.77 6.5
      vertex 74.6063 9.48175 6.5
    endloop
  endfacet
  facet normal 0 0 1
    outer loop
      vertex 72.9962 9.10992 6.5
      vertex 74.6063 9.48175 6.5
      vertex 74.3316 10.145 6.5
    endloop
  endfacet
  facet normal 0 0 1
    outer loop
      vertex 74.7 8.77 6.5
      vertex 73.05 8.77 6.5
      vertex 74.6063 8.05825 6.5
    endloop
  endfacet
  facet normal 0 0 1
    outer loop
      vertex 72.8399 9.41656 6.5
      vertex 74.3316 10.145 6.5
      vertex 73.8945 10.7145 6.5
    endloop
  endfacet
  facet normal -0 0 1
    outer loop
      vertex 72.9962 8.43008 6.5
      vertex 74.6063 8.05825 6.5
      vertex 73.05 8.77 6.5
    endloop
  endfacet
  facet normal 0 0 1
    outer loop
      vertex 72.5966 9.65992 6.5
      vertex 73.8945 10.7145 6.5
      vertex 73.325 11.1516 6.5
    endloop
  endfacet
  facet normal 0 0 1
    outer loop
      vertex 74.6063 8.05825 6.5
      vertex 72.9962 8.43008 6.5
      vertex 74.3316 7.395 6.5
    endloop
  endfacet
  facet normal -0 0 1
    outer loop
      vertex 72.8399 8.12344 6.5
      vertex 74.3316 7.395 6.5
      vertex 72.9962 8.43008 6.5
    endloop
  endfacet
  facet normal 0 0 1
    outer loop
      vertex 74.6063 9.48175 6.5
      vertex 72.9962 9.10992 6.5
      vertex 73.05 8.77 6.5
    endloop
  endfacet
  facet normal 0 0 1
    outer loop
      vertex 74.3316 10.145 6.5
      vertex 72.8399 9.41656 6.5
      vertex 72.9962 9.10992 6.5
    endloop
  endfacet
  facet normal 0 0 1
    outer loop
      vertex 72.2899 9.81616 6.5
      vertex 73.325 11.1516 6.5
      vertex 72.6618 11.4263 6.5
    endloop
  endfacet
  facet normal 0 0 1
    outer loop
      vertex 73.8945 10.7145 6.5
      vertex 72.5966 9.65992 6.5
      vertex 72.8399 9.41656 6.5
    endloop
  endfacet
  facet normal 0 0 1
    outer loop
      vertex 73.325 11.1516 6.5
      vertex 72.2899 9.81616 6.5
      vertex 72.5966 9.65992 6.5
    endloop
  endfacet
  facet normal 0 0 1
    outer loop
      vertex 71.95 9.87 6.5
      vertex 72.6618 11.4263 6.5
      vertex 71.95 11.52 6.5
    endloop
  endfacet
  facet normal 0 0 1
    outer loop
      vertex 72.6618 11.4263 6.5
      vertex 71.95 9.87 6.5
      vertex 72.2899 9.81616 6.5
    endloop
  endfacet
  facet normal -0 0 1
    outer loop
      vertex 71.2383 11.4263 6.5
      vertex 71.95 9.87 6.5
      vertex 71.95 11.52 6.5
    endloop
  endfacet
  facet normal 0 0 1
    outer loop
      vertex 71.95 9.87 6.5
      vertex 71.2383 11.4263 6.5
      vertex 71.6101 9.81616 6.5
    endloop
  endfacet
  facet normal -0 0 1
    outer loop
      vertex 70.575 11.1516 6.5
      vertex 71.6101 9.81616 6.5
      vertex 71.2383 11.4263 6.5
    endloop
  endfacet
  facet normal 0 0 1
    outer loop
      vertex 71.6101 9.81616 6.5
      vertex 70.575 11.1516 6.5
      vertex 71.3034 9.65992 6.5
    endloop
  endfacet
  facet normal -0 0 1
    outer loop
      vertex 70.0055 10.7145 6.5
      vertex 71.3034 9.65992 6.5
      vertex 70.575 11.1516 6.5
    endloop
  endfacet
  facet normal 0 0 1
    outer loop
      vertex 71.3034 9.65992 6.5
      vertex 70.0055 10.7145 6.5
      vertex 71.0601 9.41656 6.5
    endloop
  endfacet
  facet normal -0 0 1
    outer loop
      vertex 69.5684 10.145 6.5
      vertex 71.0601 9.41656 6.5
      vertex 70.0055 10.7145 6.5
    endloop
  endfacet
  facet normal 0 0 1
    outer loop
      vertex 74.3316 7.395 6.5
      vertex 72.8399 8.12344 6.5
      vertex 73.8945 6.82546 6.5
    endloop
  endfacet
  facet normal -0 0 1
    outer loop
      vertex 72.5966 7.88008 6.5
      vertex 73.8945 6.82546 6.5
      vertex 72.8399 8.12344 6.5
    endloop
  endfacet
  facet normal 0 0 1
    outer loop
      vertex 73.8945 6.82546 6.5
      vertex 72.5966 7.88008 6.5
      vertex 73.325 6.38843 6.5
    endloop
  endfacet
  facet normal -0 0 1
    outer loop
      vertex 72.2899 7.72384 6.5
      vertex 73.325 6.38843 6.5
      vertex 72.5966 7.88008 6.5
    endloop
  endfacet
  facet normal 0 0 1
    outer loop
      vertex 73.325 6.38843 6.5
      vertex 72.2899 7.72384 6.5
      vertex 72.6618 6.1137 6.5
    endloop
  endfacet
  facet normal -0 0 1
    outer loop
      vertex 71.95 7.67 6.5
      vertex 72.6618 6.1137 6.5
      vertex 72.2899 7.72384 6.5
    endloop
  endfacet
  facet normal 0 0 1
    outer loop
      vertex 71.95 7.67 6.5
      vertex 71.95 6.02 6.5
      vertex 72.6618 6.1137 6.5
    endloop
  endfacet
  facet normal 0 0 1
    outer loop
      vertex 71.2383 6.1137 6.5
      vertex 71.95 7.67 6.5
      vertex 71.6101 7.72384 6.5
    endloop
  endfacet
  facet normal 0 0 1
    outer loop
      vertex 70.575 6.38843 6.5
      vertex 71.6101 7.72384 6.5
      vertex 71.3034 7.88008 6.5
    endloop
  endfacet
  facet normal 0 0 1
    outer loop
      vertex 71.95 7.67 6.5
      vertex 71.2383 6.1137 6.5
      vertex 71.95 6.02 6.5
    endloop
  endfacet
  facet normal 0 0 1
    outer loop
      vertex 70.0055 6.82546 6.5
      vertex 71.3034 7.88008 6.5
      vertex 71.0601 8.12344 6.5
    endloop
  endfacet
  facet normal 0 0 1
    outer loop
      vertex 69.5684 7.395 6.5
      vertex 71.0601 8.12344 6.5
      vertex 70.9038 8.43008 6.5
    endloop
  endfacet
  facet normal 0 0 1
    outer loop
      vertex 69.2937 8.05825 6.5
      vertex 70.9038 8.43008 6.5
      vertex 70.85 8.77 6.5
    endloop
  endfacet
  facet normal 0 0 1
    outer loop
      vertex 71.6101 7.72384 6.5
      vertex 70.575 6.38843 6.5
      vertex 71.2383 6.1137 6.5
    endloop
  endfacet
  facet normal 0 0 1
    outer loop
      vertex 71.0601 9.41656 6.5
      vertex 69.5684 10.145 6.5
      vertex 70.9038 9.10992 6.5
    endloop
  endfacet
  facet normal -0 0 1
    outer loop
      vertex 69.2937 9.48175 6.5
      vertex 70.9038 9.10992 6.5
      vertex 69.5684 10.145 6.5
    endloop
  endfacet
  facet normal 0 0 1
    outer loop
      vertex 71.3034 7.88008 6.5
      vertex 70.0055 6.82546 6.5
      vertex 70.575 6.38843 6.5
    endloop
  endfacet
  facet normal 0 0 1
    outer loop
      vertex 70.9038 9.10992 6.5
      vertex 69.2937 9.48175 6.5
      vertex 70.85 8.77 6.5
    endloop
  endfacet
  facet normal 0 0 1
    outer loop
      vertex 71.0601 8.12344 6.5
      vertex 69.5684 7.395 6.5
      vertex 70.0055 6.82546 6.5
    endloop
  endfacet
  facet normal 0 0 1
    outer loop
      vertex 69.2 8.77 6.5
      vertex 70.85 8.77 6.5
      vertex 69.2937 9.48175 6.5
    endloop
  endfacet
  facet normal 0 0 1
    outer loop
      vertex 70.9038 8.43008 6.5
      vertex 69.2937 8.05825 6.5
      vertex 69.5684 7.395 6.5
    endloop
  endfacet
  facet normal 0 0 1
    outer loop
      vertex 70.85 8.77 6.5
      vertex 69.2 8.77 6.5
      vertex 69.2937 8.05825 6.5
    endloop
  endfacet
  facet normal -0.890975 -0.454053 0
    outer loop
      vertex 72.9825 9.13674 3
      vertex 72.8399 9.41656 6.5
      vertex 72.8399 9.41656 3
    endloop
  endfacet
  facet normal -0.890542 -0.4549 -0
    outer loop
      vertex 72.9962 9.10992 6.5
      vertex 72.9825 9.13674 3
      vertex 72.9962 9.10992 3
    endloop
  endfacet
  facet normal -0.890937 -0.454127 7.4729e-06
    outer loop
      vertex 72.9825 9.13674 3
      vertex 72.9962 9.10992 6.5
      vertex 72.8399 9.41656 6.5
    endloop
  endfacet
  facet normal -0.987705 -0.156327 0
    outer loop
      vertex 73.05 8.77 3
      vertex 72.9962 9.10992 6.5
      vertex 72.9962 9.10992 3
    endloop
  endfacet
  facet normal -0.987705 -0.156327 0
    outer loop
      vertex 72.9962 9.10992 6.5
      vertex 73.05 8.77 3
      vertex 73.05 8.77 6.5
    endloop
  endfacet
  facet normal -0.707194 -0.70702 0
    outer loop
      vertex 72.8399 9.41656 3
      vertex 72.5966 9.65992 6.5
      vertex 72.5966 9.65992 3
    endloop
  endfacet
  facet normal -0.707194 -0.70702 0
    outer loop
      vertex 72.5966 9.65992 6.5
      vertex 72.8399 9.41656 3
      vertex 72.8399 9.41656 6.5
    endloop
  endfacet
  facet normal -0.156449 -0.987686 0
    outer loop
      vertex 71.95 9.87 3
      vertex 72.2899 9.81616 6.5
      vertex 71.95 9.87 6.5
    endloop
  endfacet
  facet normal -0.156449 -0.987686 -0
    outer loop
      vertex 72.2899 9.81616 6.5
      vertex 71.95 9.87 3
      vertex 72.2899 9.81616 3
    endloop
  endfacet
  facet normal 0.987705 -0.156327 0
    outer loop
      vertex 70.85 8.77 6.5
      vertex 70.9038 9.10992 3
      vertex 70.9038 9.10992 6.5
    endloop
  endfacet
  facet normal 0.987705 -0.156327 0
    outer loop
      vertex 70.9038 9.10992 3
      vertex 70.85 8.77 6.5
      vertex 70.85 8.77 3
    endloop
  endfacet
  facet normal -0.453777 -0.891115 0
    outer loop
      vertex 72.4059 9.75709 3
      vertex 72.2899 9.81616 6.5
      vertex 72.2899 9.81616 3
    endloop
  endfacet
  facet normal -0.453918 -0.891043 -5.86946e-06
    outer loop
      vertex 72.2899 9.81616 6.5
      vertex 72.4059 9.75709 3
      vertex 72.5966 9.65992 6.5
    endloop
  endfacet
  facet normal -0.454003 -0.891 -0
    outer loop
      vertex 72.5966 9.65992 6.5
      vertex 72.4059 9.75709 3
      vertex 72.5966 9.65992 3
    endloop
  endfacet
  facet normal 0.453918 -0.891043 0
    outer loop
      vertex 71.3034 9.65992 3
      vertex 71.6101 9.81616 6.5
      vertex 71.3034 9.65992 6.5
    endloop
  endfacet
  facet normal 0.453918 -0.891043 0
    outer loop
      vertex 71.6101 9.81616 6.5
      vertex 71.3034 9.65992 3
      vertex 71.6101 9.81616 3
    endloop
  endfacet
  facet normal 0.156449 0.987686 -0
    outer loop
      vertex 71.95 7.67 3
      vertex 71.6101 7.72384 6.5
      vertex 71.95 7.67 6.5
    endloop
  endfacet
  facet normal 0.156449 0.987686 0
    outer loop
      vertex 71.6101 7.72384 6.5
      vertex 71.95 7.67 3
      vertex 71.6101 7.72384 3
    endloop
  endfacet
  facet normal -0.707194 0.70702 0
    outer loop
      vertex 72.5966 7.88008 3
      vertex 72.8399 8.12344 6.5
      vertex 72.8399 8.12344 3
    endloop
  endfacet
  facet normal -0.707194 0.70702 0
    outer loop
      vertex 72.8399 8.12344 6.5
      vertex 72.5966 7.88008 3
      vertex 72.5966 7.88008 6.5
    endloop
  endfacet
  facet normal 0.890937 0.454127 0
    outer loop
      vertex 71.0601 8.12344 6.5
      vertex 70.9038 8.43008 3
      vertex 70.9038 8.43008 6.5
    endloop
  endfacet
  facet normal 0.890937 0.454127 0
    outer loop
      vertex 70.9038 8.43008 3
      vertex 71.0601 8.12344 6.5
      vertex 71.0601 8.12344 3
    endloop
  endfacet
  facet normal 0.156449 -0.987686 0
    outer loop
      vertex 71.6101 9.81616 3
      vertex 71.95 9.87 6.5
      vertex 71.6101 9.81616 6.5
    endloop
  endfacet
  facet normal 0.156449 -0.987686 0
    outer loop
      vertex 71.95 9.87 6.5
      vertex 71.6101 9.81616 3
      vertex 71.95 9.87 3
    endloop
  endfacet
  facet normal -0.453918 0.891043 0
    outer loop
      vertex 72.5966 7.88008 3
      vertex 72.2899 7.72384 6.5
      vertex 72.5966 7.88008 6.5
    endloop
  endfacet
  facet normal -0.453918 0.891043 0
    outer loop
      vertex 72.2899 7.72384 6.5
      vertex 72.5966 7.88008 3
      vertex 72.2899 7.72384 3
    endloop
  endfacet
  facet normal -0.156449 0.987686 0
    outer loop
      vertex 72.2899 7.72384 3
      vertex 71.95 7.67 6.5
      vertex 72.2899 7.72384 6.5
    endloop
  endfacet
  facet normal -0.156449 0.987686 0
    outer loop
      vertex 71.95 7.67 6.5
      vertex 72.2899 7.72384 3
      vertex 71.95 7.67 3
    endloop
  endfacet
  facet normal 0.987705 0.156327 0
    outer loop
      vertex 70.9038 8.43008 6.5
      vertex 70.85 8.77 3
      vertex 70.85 8.77 6.5
    endloop
  endfacet
  facet normal 0.987705 0.156327 0
    outer loop
      vertex 70.85 8.77 3
      vertex 70.9038 8.43008 6.5
      vertex 70.9038 8.43008 3
    endloop
  endfacet
  facet normal 0.890937 -0.454127 0
    outer loop
      vertex 70.9038 9.10992 6.5
      vertex 71.0601 9.41656 3
      vertex 71.0601 9.41656 6.5
    endloop
  endfacet
  facet normal 0.890937 -0.454127 0
    outer loop
      vertex 71.0601 9.41656 3
      vertex 70.9038 9.10992 6.5
      vertex 70.9038 9.10992 3
    endloop
  endfacet
  facet normal 0.707194 -0.70702 0
    outer loop
      vertex 71.0601 9.41656 6.5
      vertex 71.3034 9.65992 3
      vertex 71.3034 9.65992 6.5
    endloop
  endfacet
  facet normal 0.707194 -0.70702 0
    outer loop
      vertex 71.3034 9.65992 3
      vertex 71.0601 9.41656 6.5
      vertex 71.0601 9.41656 3
    endloop
  endfacet
  facet normal -0.890937 0.454127 0
    outer loop
      vertex 72.8399 8.12344 3
      vertex 72.9962 8.43008 6.5
      vertex 72.9962 8.43008 3
    endloop
  endfacet
  facet normal -0.890937 0.454127 0
    outer loop
      vertex 72.9962 8.43008 6.5
      vertex 72.8399 8.12344 3
      vertex 72.8399 8.12344 6.5
    endloop
  endfacet
  facet normal -0.987682 0.156477 0
    outer loop
      vertex 73.01 8.51752 3
      vertex 73.05 8.77 6.5
      vertex 73.05 8.77 3
    endloop
  endfacet
  facet normal -0.987774 0.155893 0
    outer loop
      vertex 72.9962 8.43008 6.5
      vertex 73.01 8.51752 3
      vertex 72.9962 8.43008 3
    endloop
  endfacet
  facet normal -0.987705 0.156327 1.11048e-05
    outer loop
      vertex 73.01 8.51752 3
      vertex 72.9962 8.43008 6.5
      vertex 73.05 8.77 6.5
    endloop
  endfacet
  facet normal 0.707194 0.70702 0
    outer loop
      vertex 71.3034 7.88008 6.5
      vertex 71.0601 8.12344 3
      vertex 71.0601 8.12344 6.5
    endloop
  endfacet
  facet normal 0.707194 0.70702 0
    outer loop
      vertex 71.0601 8.12344 3
      vertex 71.3034 7.88008 6.5
      vertex 71.3034 7.88008 3
    endloop
  endfacet
  facet normal 0.453918 0.891043 -0
    outer loop
      vertex 71.6101 7.72384 3
      vertex 71.3034 7.88008 6.5
      vertex 71.6101 7.72384 6.5
    endloop
  endfacet
  facet normal 0.453918 0.891043 0
    outer loop
      vertex 71.3034 7.88008 6.5
      vertex 71.6101 7.72384 3
      vertex 71.3034 7.88008 3
    endloop
  endfacet
  facet normal -0.130923 0.991393 0
    outer loop
      vertex 19.95 156.85 3
      vertex 19.2382 156.756 6.5
      vertex 19.95 156.85 6.5
    endloop
  endfacet
  facet normal -0.130923 0.991393 0
    outer loop
      vertex 19.2382 156.756 6.5
      vertex 19.95 156.85 3
      vertex 19.2382 156.756 3
    endloop
  endfacet
  facet normal 0.923842 0.382774 0
    outer loop
      vertex 22.6063 154.812 6.5
      vertex 22.3316 155.475 3
      vertex 22.3316 155.475 6.5
    endloop
  endfacet
  facet normal 0.923842 0.382774 0
    outer loop
      vertex 22.3316 155.475 3
      vertex 22.6063 154.812 6.5
      vertex 22.6063 154.812 3
    endloop
  endfacet
  facet normal 0.991451 0.130476 0
    outer loop
      vertex 22.7 154.1 6.5
      vertex 22.6063 154.812 3
      vertex 22.6063 154.812 6.5
    endloop
  endfacet
  facet normal 0.991451 0.130476 0
    outer loop
      vertex 22.6063 154.812 3
      vertex 22.7 154.1 6.5
      vertex 22.7 154.1 3
    endloop
  endfacet
  facet normal 0.793539 0.608519 0
    outer loop
      vertex 22.3316 155.475 6.5
      vertex 21.8945 156.045 3
      vertex 21.8945 156.045 6.5
    endloop
  endfacet
  facet normal 0.793539 0.608519 0
    outer loop
      vertex 21.8945 156.045 3
      vertex 22.3316 155.475 6.5
      vertex 22.3316 155.475 3
    endloop
  endfacet
  facet normal -0.793539 0.608519 0
    outer loop
      vertex 17.5684 155.475 3
      vertex 18.0055 156.045 6.5
      vertex 18.0055 156.045 3
    endloop
  endfacet
  facet normal -0.793539 0.608519 0
    outer loop
      vertex 18.0055 156.045 6.5
      vertex 17.5684 155.475 3
      vertex 17.5684 155.475 6.5
    endloop
  endfacet
  facet normal -0.923842 -0.382774 0
    outer loop
      vertex 17.5684 152.725 3
      vertex 17.2937 153.388 6.5
      vertex 17.2937 153.388 3
    endloop
  endfacet
  facet normal -0.923842 -0.382774 0
    outer loop
      vertex 17.2937 153.388 6.5
      vertex 17.5684 152.725 3
      vertex 17.5684 152.725 6.5
    endloop
  endfacet
  facet normal 0.608768 0.793348 -0
    outer loop
      vertex 21.8945 156.045 3
      vertex 21.325 156.482 6.5
      vertex 21.8945 156.045 6.5
    endloop
  endfacet
  facet normal 0.608768 0.793348 0
    outer loop
      vertex 21.325 156.482 6.5
      vertex 21.8945 156.045 3
      vertex 21.325 156.482 3
    endloop
  endfacet
  facet normal 0.991451 -0.130476 0
    outer loop
      vertex 22.6063 153.388 6.5
      vertex 22.7 154.1 3
      vertex 22.7 154.1 6.5
    endloop
  endfacet
  facet normal 0.991451 -0.130476 0
    outer loop
      vertex 22.7 154.1 3
      vertex 22.6063 153.388 6.5
      vertex 22.6063 153.388 3
    endloop
  endfacet
  facet normal 0.130923 0.991393 -0
    outer loop
      vertex 20.6618 156.756 3
      vertex 19.95 156.85 6.5
      vertex 20.6618 156.756 6.5
    endloop
  endfacet
  facet normal 0.130923 0.991393 0
    outer loop
      vertex 19.95 156.85 6.5
      vertex 20.6618 156.756 3
      vertex 19.95 156.85 3
    endloop
  endfacet
  facet normal -0.608768 0.793348 0
    outer loop
      vertex 18.575 156.482 3
      vertex 18.0055 156.045 6.5
      vertex 18.575 156.482 6.5
    endloop
  endfacet
  facet normal -0.608768 0.793348 0
    outer loop
      vertex 18.0055 156.045 6.5
      vertex 18.575 156.482 3
      vertex 18.0055 156.045 3
    endloop
  endfacet
  facet normal 0.381843 0.924227 -0
    outer loop
      vertex 21.325 156.482 3
      vertex 20.6618 156.756 6.5
      vertex 21.325 156.482 6.5
    endloop
  endfacet
  facet normal 0.381843 0.924227 0
    outer loop
      vertex 20.6618 156.756 6.5
      vertex 21.325 156.482 3
      vertex 20.6618 156.756 3
    endloop
  endfacet
  facet normal 0.608768 -0.793348 0
    outer loop
      vertex 21.325 151.718 3
      vertex 21.8945 152.155 6.5
      vertex 21.325 151.718 6.5
    endloop
  endfacet
  facet normal 0.608768 -0.793348 0
    outer loop
      vertex 21.8945 152.155 6.5
      vertex 21.325 151.718 3
      vertex 21.8945 152.155 3
    endloop
  endfacet
  facet normal -0.381843 -0.924227 0
    outer loop
      vertex 18.575 151.718 3
      vertex 19.2382 151.444 6.5
      vertex 18.575 151.718 6.5
    endloop
  endfacet
  facet normal -0.381843 -0.924227 -0
    outer loop
      vertex 19.2382 151.444 6.5
      vertex 18.575 151.718 3
      vertex 19.2382 151.444 3
    endloop
  endfacet
  facet normal -0.130923 -0.991393 0
    outer loop
      vertex 19.2382 151.444 3
      vertex 19.95 151.35 6.5
      vertex 19.2382 151.444 6.5
    endloop
  endfacet
  facet normal -0.130923 -0.991393 -0
    outer loop
      vertex 19.95 151.35 6.5
      vertex 19.2382 151.444 3
      vertex 19.95 151.35 3
    endloop
  endfacet
  facet normal 0.793539 -0.608519 0
    outer loop
      vertex 21.8945 152.155 6.5
      vertex 22.3316 152.725 3
      vertex 22.3316 152.725 6.5
    endloop
  endfacet
  facet normal 0.793539 -0.608519 0
    outer loop
      vertex 22.3316 152.725 3
      vertex 21.8945 152.155 6.5
      vertex 21.8945 152.155 3
    endloop
  endfacet
  facet normal -0.991451 -0.130476 0
    outer loop
      vertex 17.2937 153.388 3
      vertex 17.2 154.1 6.5
      vertex 17.2 154.1 3
    endloop
  endfacet
  facet normal -0.991451 -0.130476 0
    outer loop
      vertex 17.2 154.1 6.5
      vertex 17.2937 153.388 3
      vertex 17.2937 153.388 6.5
    endloop
  endfacet
  facet normal 0.130923 -0.991393 0
    outer loop
      vertex 19.95 151.35 3
      vertex 20.6618 151.444 6.5
      vertex 19.95 151.35 6.5
    endloop
  endfacet
  facet normal 0.130923 -0.991393 0
    outer loop
      vertex 20.6618 151.444 6.5
      vertex 19.95 151.35 3
      vertex 20.6618 151.444 3
    endloop
  endfacet
  facet normal -0.991451 0.130476 0
    outer loop
      vertex 17.2 154.1 3
      vertex 17.2937 154.812 6.5
      vertex 17.2937 154.812 3
    endloop
  endfacet
  facet normal -0.991451 0.130476 0
    outer loop
      vertex 17.2937 154.812 6.5
      vertex 17.2 154.1 3
      vertex 17.2 154.1 6.5
    endloop
  endfacet
  facet normal -0.793539 -0.608519 0
    outer loop
      vertex 18.0055 152.155 3
      vertex 17.5684 152.725 6.5
      vertex 17.5684 152.725 3
    endloop
  endfacet
  facet normal -0.793539 -0.608519 0
    outer loop
      vertex 17.5684 152.725 6.5
      vertex 18.0055 152.155 3
      vertex 18.0055 152.155 6.5
    endloop
  endfacet
  facet normal -0.381843 0.924227 0
    outer loop
      vertex 19.2382 156.756 3
      vertex 18.575 156.482 6.5
      vertex 19.2382 156.756 6.5
    endloop
  endfacet
  facet normal -0.381843 0.924227 0
    outer loop
      vertex 18.575 156.482 6.5
      vertex 19.2382 156.756 3
      vertex 18.575 156.482 3
    endloop
  endfacet
  facet normal 0.923842 -0.382774 0
    outer loop
      vertex 22.3316 152.725 6.5
      vertex 22.6063 153.388 3
      vertex 22.6063 153.388 6.5
    endloop
  endfacet
  facet normal 0.923842 -0.382774 0
    outer loop
      vertex 22.6063 153.388 3
      vertex 22.3316 152.725 6.5
      vertex 22.3316 152.725 3
    endloop
  endfacet
  facet normal -0.608768 -0.793348 0
    outer loop
      vertex 18.0055 152.155 3
      vertex 18.575 151.718 6.5
      vertex 18.0055 152.155 6.5
    endloop
  endfacet
  facet normal -0.608768 -0.793348 -0
    outer loop
      vertex 18.575 151.718 6.5
      vertex 18.0055 152.155 3
      vertex 18.575 151.718 3
    endloop
  endfacet
  facet normal 0.381843 -0.924227 0
    outer loop
      vertex 20.6618 151.444 3
      vertex 21.325 151.718 6.5
      vertex 20.6618 151.444 6.5
    endloop
  endfacet
  facet normal 0.381843 -0.924227 0
    outer loop
      vertex 21.325 151.718 6.5
      vertex 20.6618 151.444 3
      vertex 21.325 151.718 3
    endloop
  endfacet
  facet normal -0.923842 0.382774 0
    outer loop
      vertex 17.2937 154.812 3
      vertex 17.5684 155.475 6.5
      vertex 17.5684 155.475 3
    endloop
  endfacet
  facet normal -0.923842 0.382774 0
    outer loop
      vertex 17.5684 155.475 6.5
      vertex 17.2937 154.812 3
      vertex 17.2937 154.812 6.5
    endloop
  endfacet
  facet normal 0 0 1
    outer loop
      vertex 21.05 154.1 6.5
      vertex 22.7 154.1 6.5
      vertex 22.6063 154.812 6.5
    endloop
  endfacet
  facet normal 0 0 1
    outer loop
      vertex 20.9962 154.44 6.5
      vertex 22.6063 154.812 6.5
      vertex 22.3316 155.475 6.5
    endloop
  endfacet
  facet normal 0 0 1
    outer loop
      vertex 22.7 154.1 6.5
      vertex 21.05 154.1 6.5
      vertex 22.6063 153.388 6.5
    endloop
  endfacet
  facet normal 0 0 1
    outer loop
      vertex 20.8399 154.747 6.5
      vertex 22.3316 155.475 6.5
      vertex 21.8945 156.045 6.5
    endloop
  endfacet
  facet normal -0 0 1
    outer loop
      vertex 20.9962 153.76 6.5
      vertex 22.6063 153.388 6.5
      vertex 21.05 154.1 6.5
    endloop
  endfacet
  facet normal 0 0 1
    outer loop
      vertex 20.5966 154.99 6.5
      vertex 21.8945 156.045 6.5
      vertex 21.325 156.482 6.5
    endloop
  endfacet
  facet normal 0 0 1
    outer loop
      vertex 22.6063 153.388 6.5
      vertex 20.9962 153.76 6.5
      vertex 22.3316 152.725 6.5
    endloop
  endfacet
  facet normal -0 0 1
    outer loop
      vertex 20.8399 153.453 6.5
      vertex 22.3316 152.725 6.5
      vertex 20.9962 153.76 6.5
    endloop
  endfacet
  facet normal 0 0 1
    outer loop
      vertex 22.6063 154.812 6.5
      vertex 20.9962 154.44 6.5
      vertex 21.05 154.1 6.5
    endloop
  endfacet
  facet normal 0 0 1
    outer loop
      vertex 22.3316 155.475 6.5
      vertex 20.8399 154.747 6.5
      vertex 20.9962 154.44 6.5
    endloop
  endfacet
  facet normal 0 0 1
    outer loop
      vertex 20.2899 155.146 6.5
      vertex 21.325 156.482 6.5
      vertex 20.6618 156.756 6.5
    endloop
  endfacet
  facet normal 0 0 1
    outer loop
      vertex 21.8945 156.045 6.5
      vertex 20.5966 154.99 6.5
      vertex 20.8399 154.747 6.5
    endloop
  endfacet
  facet normal 0 0 1
    outer loop
      vertex 21.325 156.482 6.5
      vertex 20.2899 155.146 6.5
      vertex 20.5966 154.99 6.5
    endloop
  endfacet
  facet normal 0 0 1
    outer loop
      vertex 19.95 155.2 6.5
      vertex 20.6618 156.756 6.5
      vertex 19.95 156.85 6.5
    endloop
  endfacet
  facet normal 0 0 1
    outer loop
      vertex 20.6618 156.756 6.5
      vertex 19.95 155.2 6.5
      vertex 20.2899 155.146 6.5
    endloop
  endfacet
  facet normal -0 0 1
    outer loop
      vertex 19.2382 156.756 6.5
      vertex 19.95 155.2 6.5
      vertex 19.95 156.85 6.5
    endloop
  endfacet
  facet normal 0 0 1
    outer loop
      vertex 19.95 155.2 6.5
      vertex 19.2382 156.756 6.5
      vertex 19.6101 155.146 6.5
    endloop
  endfacet
  facet normal -0 0 1
    outer loop
      vertex 18.575 156.482 6.5
      vertex 19.6101 155.146 6.5
      vertex 19.2382 156.756 6.5
    endloop
  endfacet
  facet normal 0 0 1
    outer loop
      vertex 19.6101 155.146 6.5
      vertex 18.575 156.482 6.5
      vertex 19.3034 154.99 6.5
    endloop
  endfacet
  facet normal -0 0 1
    outer loop
      vertex 18.0055 156.045 6.5
      vertex 19.3034 154.99 6.5
      vertex 18.575 156.482 6.5
    endloop
  endfacet
  facet normal 0 0 1
    outer loop
      vertex 19.3034 154.99 6.5
      vertex 18.0055 156.045 6.5
      vertex 19.0601 154.747 6.5
    endloop
  endfacet
  facet normal -0 0 1
    outer loop
      vertex 17.5684 155.475 6.5
      vertex 19.0601 154.747 6.5
      vertex 18.0055 156.045 6.5
    endloop
  endfacet
  facet normal 0 0 1
    outer loop
      vertex 22.3316 152.725 6.5
      vertex 20.8399 153.453 6.5
      vertex 21.8945 152.155 6.5
    endloop
  endfacet
  facet normal -0 0 1
    outer loop
      vertex 20.5966 153.21 6.5
      vertex 21.8945 152.155 6.5
      vertex 20.8399 153.453 6.5
    endloop
  endfacet
  facet normal 0 0 1
    outer loop
      vertex 21.8945 152.155 6.5
      vertex 20.5966 153.21 6.5
      vertex 21.325 151.718 6.5
    endloop
  endfacet
  facet normal -0 0 1
    outer loop
      vertex 20.2899 153.054 6.5
      vertex 21.325 151.718 6.5
      vertex 20.5966 153.21 6.5
    endloop
  endfacet
  facet normal 0 0 1
    outer loop
      vertex 21.325 151.718 6.5
      vertex 20.2899 153.054 6.5
      vertex 20.6618 151.444 6.5
    endloop
  endfacet
  facet normal -0 0 1
    outer loop
      vertex 19.95 153 6.5
      vertex 20.6618 151.444 6.5
      vertex 20.2899 153.054 6.5
    endloop
  endfacet
  facet normal 0 0 1
    outer loop
      vertex 19.95 153 6.5
      vertex 19.95 151.35 6.5
      vertex 20.6618 151.444 6.5
    endloop
  endfacet
  facet normal 0 0 1
    outer loop
      vertex 19.2382 151.444 6.5
      vertex 19.95 153 6.5
      vertex 19.6101 153.054 6.5
    endloop
  endfacet
  facet normal 0 0 1
    outer loop
      vertex 18.575 151.718 6.5
      vertex 19.6101 153.054 6.5
      vertex 19.3034 153.21 6.5
    endloop
  endfacet
  facet normal 0 0 1
    outer loop
      vertex 19.95 153 6.5
      vertex 19.2382 151.444 6.5
      vertex 19.95 151.35 6.5
    endloop
  endfacet
  facet normal 0 0 1
    outer loop
      vertex 18.0055 152.155 6.5
      vertex 19.3034 153.21 6.5
      vertex 19.0601 153.453 6.5
    endloop
  endfacet
  facet normal 0 0 1
    outer loop
      vertex 17.5684 152.725 6.5
      vertex 19.0601 153.453 6.5
      vertex 18.9038 153.76 6.5
    endloop
  endfacet
  facet normal 0 0 1
    outer loop
      vertex 17.2937 153.388 6.5
      vertex 18.9038 153.76 6.5
      vertex 18.85 154.1 6.5
    endloop
  endfacet
  facet normal 0 0 1
    outer loop
      vertex 19.6101 153.054 6.5
      vertex 18.575 151.718 6.5
      vertex 19.2382 151.444 6.5
    endloop
  endfacet
  facet normal 0 0 1
    outer loop
      vertex 19.0601 154.747 6.5
      vertex 17.5684 155.475 6.5
      vertex 18.9038 154.44 6.5
    endloop
  endfacet
  facet normal -0 0 1
    outer loop
      vertex 17.2937 154.812 6.5
      vertex 18.9038 154.44 6.5
      vertex 17.5684 155.475 6.5
    endloop
  endfacet
  facet normal 0 0 1
    outer loop
      vertex 19.3034 153.21 6.5
      vertex 18.0055 152.155 6.5
      vertex 18.575 151.718 6.5
    endloop
  endfacet
  facet normal 0 0 1
    outer loop
      vertex 18.9038 154.44 6.5
      vertex 17.2937 154.812 6.5
      vertex 18.85 154.1 6.5
    endloop
  endfacet
  facet normal 0 0 1
    outer loop
      vertex 19.0601 153.453 6.5
      vertex 17.5684 152.725 6.5
      vertex 18.0055 152.155 6.5
    endloop
  endfacet
  facet normal 0 0 1
    outer loop
      vertex 17.2 154.1 6.5
      vertex 18.85 154.1 6.5
      vertex 17.2937 154.812 6.5
    endloop
  endfacet
  facet normal 0 0 1
    outer loop
      vertex 18.9038 153.76 6.5
      vertex 17.2937 153.388 6.5
      vertex 17.5684 152.725 6.5
    endloop
  endfacet
  facet normal 0 0 1
    outer loop
      vertex 18.85 154.1 6.5
      vertex 17.2 154.1 6.5
      vertex 17.2937 153.388 6.5
    endloop
  endfacet
  facet normal -0.891367 -0.453282 0
    outer loop
      vertex 20.995 154.442 3
      vertex 20.8399 154.747 6.5
      vertex 20.8399 154.747 3
    endloop
  endfacet
  facet normal -0.857493 -0.514496 -0
    outer loop
      vertex 20.9962 154.44 6.5
      vertex 20.995 154.442 3
      vertex 20.9962 154.44 3
    endloop
  endfacet
  facet normal -0.891152 -0.453704 4.62786e-05
    outer loop
      vertex 20.995 154.442 3
      vertex 20.9962 154.44 6.5
      vertex 20.8399 154.747 6.5
    endloop
  endfacet
  facet normal -0.987711 -0.156291 0
    outer loop
      vertex 21.05 154.1 3
      vertex 20.9962 154.44 6.5
      vertex 20.9962 154.44 3
    endloop
  endfacet
  facet normal -0.987711 -0.156291 0
    outer loop
      vertex 20.9962 154.44 6.5
      vertex 21.05 154.1 3
      vertex 21.05 154.1 6.5
    endloop
  endfacet
  facet normal -0.70667 -0.707543 0
    outer loop
      vertex 20.5966 154.99 3
      vertex 20.8399 154.747 6.5
      vertex 20.5966 154.99 6.5
    endloop
  endfacet
  facet normal -0.70667 -0.707543 -0
    outer loop
      vertex 20.8399 154.747 6.5
      vertex 20.5966 154.99 3
      vertex 20.8399 154.747 3
    endloop
  endfacet
  facet normal -0.156903 -0.987614 0
    outer loop
      vertex 19.95 155.2 3
      vertex 20.2899 155.146 6.5
      vertex 19.95 155.2 6.5
    endloop
  endfacet
  facet normal -0.156903 -0.987614 -0
    outer loop
      vertex 20.2899 155.146 6.5
      vertex 19.95 155.2 3
      vertex 20.2899 155.146 3
    endloop
  endfacet
  facet normal 0.987711 -0.156291 0
    outer loop
      vertex 18.85 154.1 6.5
      vertex 18.9038 154.44 3
      vertex 18.9038 154.44 6.5
    endloop
  endfacet
  facet normal 0.987711 -0.156291 0
    outer loop
      vertex 18.9038 154.44 3
      vertex 18.85 154.1 6.5
      vertex 18.85 154.1 3
    endloop
  endfacet
  facet normal -0.449558 -0.893251 0
    outer loop
      vertex 20.3813 155.1 3
      vertex 20.2899 155.146 6.5
      vertex 20.2899 155.146 3
    endloop
  endfacet
  facet normal -0.453364 -0.891325 -0.000124717
    outer loop
      vertex 20.2899 155.146 6.5
      vertex 20.3813 155.1 3
      vertex 20.5966 154.99 6.5
    endloop
  endfacet
  facet normal -0.454973 -0.890505 -0
    outer loop
      vertex 20.5966 154.99 6.5
      vertex 20.3813 155.1 3
      vertex 20.5966 154.99 3
    endloop
  endfacet
  facet normal 0.453364 -0.891325 0
    outer loop
      vertex 19.3034 154.99 3
      vertex 19.6101 155.146 6.5
      vertex 19.3034 154.99 6.5
    endloop
  endfacet
  facet normal 0.453364 -0.891325 0
    outer loop
      vertex 19.6101 155.146 6.5
      vertex 19.3034 154.99 3
      vertex 19.6101 155.146 3
    endloop
  endfacet
  facet normal 0.156903 0.987614 -0
    outer loop
      vertex 19.95 153 3
      vertex 19.6101 153.054 6.5
      vertex 19.95 153 6.5
    endloop
  endfacet
  facet normal 0.156903 0.987614 0
    outer loop
      vertex 19.6101 153.054 6.5
      vertex 19.95 153 3
      vertex 19.6101 153.054 3
    endloop
  endfacet
  facet normal -0.70667 0.707543 0
    outer loop
      vertex 20.8399 153.453 3
      vertex 20.5966 153.21 6.5
      vertex 20.8399 153.453 6.5
    endloop
  endfacet
  facet normal -0.70667 0.707543 0
    outer loop
      vertex 20.5966 153.21 6.5
      vertex 20.8399 153.453 3
      vertex 20.5966 153.21 3
    endloop
  endfacet
  facet normal 0.891152 0.453704 0
    outer loop
      vertex 19.0601 153.453 6.5
      vertex 18.9038 153.76 3
      vertex 18.9038 153.76 6.5
    endloop
  endfacet
  facet normal 0.891152 0.453704 0
    outer loop
      vertex 18.9038 153.76 3
      vertex 19.0601 153.453 6.5
      vertex 19.0601 153.453 3
    endloop
  endfacet
  facet normal 0.156903 -0.987614 0
    outer loop
      vertex 19.6101 155.146 3
      vertex 19.95 155.2 6.5
      vertex 19.6101 155.146 6.5
    endloop
  endfacet
  facet normal 0.156903 -0.987614 0
    outer loop
      vertex 19.95 155.2 6.5
      vertex 19.6101 155.146 3
      vertex 19.95 155.2 3
    endloop
  endfacet
  facet normal -0.453364 0.891325 0
    outer loop
      vertex 20.5966 153.21 3
      vertex 20.2899 153.054 6.5
      vertex 20.5966 153.21 6.5
    endloop
  endfacet
  facet normal -0.453364 0.891325 0
    outer loop
      vertex 20.2899 153.054 6.5
      vertex 20.5966 153.21 3
      vertex 20.2899 153.054 3
    endloop
  endfacet
  facet normal -0.156903 0.987614 0
    outer loop
      vertex 20.2899 153.054 3
      vertex 19.95 153 6.5
      vertex 20.2899 153.054 6.5
    endloop
  endfacet
  facet normal -0.156903 0.987614 0
    outer loop
      vertex 19.95 153 6.5
      vertex 20.2899 153.054 3
      vertex 19.95 153 3
    endloop
  endfacet
  facet normal 0.987711 0.156291 0
    outer loop
      vertex 18.9038 153.76 6.5
      vertex 18.85 154.1 3
      vertex 18.85 154.1 6.5
    endloop
  endfacet
  facet normal 0.987711 0.156291 0
    outer loop
      vertex 18.85 154.1 3
      vertex 18.9038 153.76 6.5
      vertex 18.9038 153.76 3
    endloop
  endfacet
  facet normal 0.891152 -0.453704 0
    outer loop
      vertex 18.9038 154.44 6.5
      vertex 19.0601 154.747 3
      vertex 19.0601 154.747 6.5
    endloop
  endfacet
  facet normal 0.891152 -0.453704 0
    outer loop
      vertex 19.0601 154.747 3
      vertex 18.9038 154.44 6.5
      vertex 18.9038 154.44 3
    endloop
  endfacet
  facet normal 0.70667 -0.707543 0
    outer loop
      vertex 19.0601 154.747 3
      vertex 19.3034 154.99 6.5
      vertex 19.0601 154.747 6.5
    endloop
  endfacet
  facet normal 0.70667 -0.707543 0
    outer loop
      vertex 19.3034 154.99 6.5
      vertex 19.0601 154.747 3
      vertex 19.3034 154.99 3
    endloop
  endfacet
  facet normal -0.891152 0.453704 0
    outer loop
      vertex 20.8399 153.453 3
      vertex 20.9962 153.76 6.5
      vertex 20.9962 153.76 3
    endloop
  endfacet
  facet normal -0.891152 0.453704 0
    outer loop
      vertex 20.9962 153.76 6.5
      vertex 20.8399 153.453 3
      vertex 20.8399 153.453 6.5
    endloop
  endfacet
  facet normal -0.987711 0.156291 0
    outer loop
      vertex 20.9962 153.76 3
      vertex 21.05 154.1 6.5
      vertex 21.05 154.1 3
    endloop
  endfacet
  facet normal -0.987711 0.156291 0
    outer loop
      vertex 21.05 154.1 6.5
      vertex 20.9962 153.76 3
      vertex 20.9962 153.76 6.5
    endloop
  endfacet
  facet normal 0.70667 0.707543 -0
    outer loop
      vertex 19.3034 153.21 3
      vertex 19.0601 153.453 6.5
      vertex 19.3034 153.21 6.5
    endloop
  endfacet
  facet normal 0.70667 0.707543 0
    outer loop
      vertex 19.0601 153.453 6.5
      vertex 19.3034 153.21 3
      vertex 19.0601 153.453 3
    endloop
  endfacet
  facet normal 0.453364 0.891325 -0
    outer loop
      vertex 19.6101 153.054 3
      vertex 19.3034 153.21 6.5
      vertex 19.6101 153.054 6.5
    endloop
  endfacet
  facet normal 0.453364 0.891325 0
    outer loop
      vertex 19.3034 153.21 6.5
      vertex 19.6101 153.054 3
      vertex 19.3034 153.21 3
    endloop
  endfacet
  facet normal -0.130941 0.99139 0
    outer loop
      vertex 71.95 156.85 3
      vertex 71.2383 156.756 6.5
      vertex 71.95 156.85 6.5
    endloop
  endfacet
  facet normal -0.130941 0.99139 0
    outer loop
      vertex 71.2383 156.756 6.5
      vertex 71.95 156.85 3
      vertex 71.2383 156.756 3
    endloop
  endfacet
  facet normal 0.923842 0.382774 0
    outer loop
      vertex 74.6063 154.812 6.5
      vertex 74.3316 155.475 3
      vertex 74.3316 155.475 6.5
    endloop
  endfacet
  facet normal 0.923842 0.382774 0
    outer loop
      vertex 74.3316 155.475 3
      vertex 74.6063 154.812 6.5
      vertex 74.6063 154.812 3
    endloop
  endfacet
  facet normal 0.991451 0.130476 0
    outer loop
      vertex 74.7 154.1 6.5
      vertex 74.6063 154.812 3
      vertex 74.6063 154.812 6.5
    endloop
  endfacet
  facet normal 0.991451 0.130476 0
    outer loop
      vertex 74.6063 154.812 3
      vertex 74.7 154.1 6.5
      vertex 74.7 154.1 3
    endloop
  endfacet
  facet normal 0.793539 0.608519 0
    outer loop
      vertex 74.3316 155.475 6.5
      vertex 73.8945 156.045 3
      vertex 73.8945 156.045 6.5
    endloop
  endfacet
  facet normal 0.793539 0.608519 0
    outer loop
      vertex 73.8945 156.045 3
      vertex 74.3316 155.475 6.5
      vertex 74.3316 155.475 3
    endloop
  endfacet
  facet normal -0.793539 0.608519 0
    outer loop
      vertex 69.5684 155.475 3
      vertex 70.0055 156.045 6.5
      vertex 70.0055 156.045 3
    endloop
  endfacet
  facet normal -0.793539 0.608519 0
    outer loop
      vertex 70.0055 156.045 6.5
      vertex 69.5684 155.475 3
      vertex 69.5684 155.475 6.5
    endloop
  endfacet
  facet normal -0.923842 -0.382774 0
    outer loop
      vertex 69.5684 152.725 3
      vertex 69.2937 153.388 6.5
      vertex 69.2937 153.388 3
    endloop
  endfacet
  facet normal -0.923842 -0.382774 0
    outer loop
      vertex 69.2937 153.388 6.5
      vertex 69.5684 152.725 3
      vertex 69.5684 152.725 6.5
    endloop
  endfacet
  facet normal 0.608768 0.793348 -0
    outer loop
      vertex 73.8945 156.045 3
      vertex 73.325 156.482 6.5
      vertex 73.8945 156.045 6.5
    endloop
  endfacet
  facet normal 0.608768 0.793348 0
    outer loop
      vertex 73.325 156.482 6.5
      vertex 73.8945 156.045 3
      vertex 73.325 156.482 3
    endloop
  endfacet
  facet normal 0.991451 -0.130476 0
    outer loop
      vertex 74.6063 153.388 6.5
      vertex 74.7 154.1 3
      vertex 74.7 154.1 6.5
    endloop
  endfacet
  facet normal 0.991451 -0.130476 0
    outer loop
      vertex 74.7 154.1 3
      vertex 74.6063 153.388 6.5
      vertex 74.6063 153.388 3
    endloop
  endfacet
  facet normal 0.130923 0.991393 -0
    outer loop
      vertex 72.6618 156.756 3
      vertex 71.95 156.85 6.5
      vertex 72.6618 156.756 6.5
    endloop
  endfacet
  facet normal 0.130923 0.991393 0
    outer loop
      vertex 71.95 156.85 6.5
      vertex 72.6618 156.756 3
      vertex 71.95 156.85 3
    endloop
  endfacet
  facet normal -0.608768 0.793348 0
    outer loop
      vertex 70.575 156.482 3
      vertex 70.0055 156.045 6.5
      vertex 70.575 156.482 6.5
    endloop
  endfacet
  facet normal -0.608768 0.793348 0
    outer loop
      vertex 70.0055 156.045 6.5
      vertex 70.575 156.482 3
      vertex 70.0055 156.045 3
    endloop
  endfacet
  facet normal 0.381843 0.924227 -0
    outer loop
      vertex 73.325 156.482 3
      vertex 72.6618 156.756 6.5
      vertex 73.325 156.482 6.5
    endloop
  endfacet
  facet normal 0.381843 0.924227 0
    outer loop
      vertex 72.6618 156.756 6.5
      vertex 73.325 156.482 3
      vertex 72.6618 156.756 3
    endloop
  endfacet
  facet normal 0.608768 -0.793348 0
    outer loop
      vertex 73.325 151.718 3
      vertex 73.8945 152.155 6.5
      vertex 73.325 151.718 6.5
    endloop
  endfacet
  facet normal 0.608768 -0.793348 0
    outer loop
      vertex 73.8945 152.155 6.5
      vertex 73.325 151.718 3
      vertex 73.8945 152.155 3
    endloop
  endfacet
  facet normal -0.381794 -0.924248 0
    outer loop
      vertex 70.575 151.718 3
      vertex 71.2383 151.444 6.5
      vertex 70.575 151.718 6.5
    endloop
  endfacet
  facet normal -0.381794 -0.924248 -0
    outer loop
      vertex 71.2383 151.444 6.5
      vertex 70.575 151.718 3
      vertex 71.2383 151.444 3
    endloop
  endfacet
  facet normal -0.130941 -0.99139 0
    outer loop
      vertex 71.2383 151.444 3
      vertex 71.95 151.35 6.5
      vertex 71.2383 151.444 6.5
    endloop
  endfacet
  facet normal -0.130941 -0.99139 -0
    outer loop
      vertex 71.95 151.35 6.5
      vertex 71.2383 151.444 3
      vertex 71.95 151.35 3
    endloop
  endfacet
  facet normal 0.793539 -0.608519 0
    outer loop
      vertex 73.8945 152.155 6.5
      vertex 74.3316 152.725 3
      vertex 74.3316 152.725 6.5
    endloop
  endfacet
  facet normal 0.793539 -0.608519 0
    outer loop
      vertex 74.3316 152.725 3
      vertex 73.8945 152.155 6.5
      vertex 73.8945 152.155 3
    endloop
  endfacet
  facet normal -0.991451 -0.130476 0
    outer loop
      vertex 69.2937 153.388 3
      vertex 69.2 154.1 6.5
      vertex 69.2 154.1 3
    endloop
  endfacet
  facet normal -0.991451 -0.130476 0
    outer loop
      vertex 69.2 154.1 6.5
      vertex 69.2937 153.388 3
      vertex 69.2937 153.388 6.5
    endloop
  endfacet
  facet normal 0.130923 -0.991393 0
    outer loop
      vertex 71.95 151.35 3
      vertex 72.6618 151.444 6.5
      vertex 71.95 151.35 6.5
    endloop
  endfacet
  facet normal 0.130923 -0.991393 0
    outer loop
      vertex 72.6618 151.444 6.5
      vertex 71.95 151.35 3
      vertex 72.6618 151.444 3
    endloop
  endfacet
  facet normal -0.991451 0.130476 0
    outer loop
      vertex 69.2 154.1 3
      vertex 69.2937 154.812 6.5
      vertex 69.2937 154.812 3
    endloop
  endfacet
  facet normal -0.991451 0.130476 0
    outer loop
      vertex 69.2937 154.812 6.5
      vertex 69.2 154.1 3
      vertex 69.2 154.1 6.5
    endloop
  endfacet
  facet normal -0.793539 -0.608519 0
    outer loop
      vertex 70.0055 152.155 3
      vertex 69.5684 152.725 6.5
      vertex 69.5684 152.725 3
    endloop
  endfacet
  facet normal -0.793539 -0.608519 0
    outer loop
      vertex 69.5684 152.725 6.5
      vertex 70.0055 152.155 3
      vertex 70.0055 152.155 6.5
    endloop
  endfacet
  facet normal -0.381794 0.924248 0
    outer loop
      vertex 71.2383 156.756 3
      vertex 70.575 156.482 6.5
      vertex 71.2383 156.756 6.5
    endloop
  endfacet
  facet normal -0.381794 0.924248 0
    outer loop
      vertex 70.575 156.482 6.5
      vertex 71.2383 156.756 3
      vertex 70.575 156.482 3
    endloop
  endfacet
  facet normal 0.923842 -0.382774 0
    outer loop
      vertex 74.3316 152.725 6.5
      vertex 74.6063 153.388 3
      vertex 74.6063 153.388 6.5
    endloop
  endfacet
  facet normal 0.923842 -0.382774 0
    outer loop
      vertex 74.6063 153.388 3
      vertex 74.3316 152.725 6.5
      vertex 74.3316 152.725 3
    endloop
  endfacet
  facet normal -0.608768 -0.793348 0
    outer loop
      vertex 70.0055 152.155 3
      vertex 70.575 151.718 6.5
      vertex 70.0055 152.155 6.5
    endloop
  endfacet
  facet normal -0.608768 -0.793348 -0
    outer loop
      vertex 70.575 151.718 6.5
      vertex 70.0055 152.155 3
      vertex 70.575 151.718 3
    endloop
  endfacet
  facet normal 0.381843 -0.924227 0
    outer loop
      vertex 72.6618 151.444 3
      vertex 73.325 151.718 6.5
      vertex 72.6618 151.444 6.5
    endloop
  endfacet
  facet normal 0.381843 -0.924227 0
    outer loop
      vertex 73.325 151.718 6.5
      vertex 72.6618 151.444 3
      vertex 73.325 151.718 3
    endloop
  endfacet
  facet normal -0.923842 0.382774 0
    outer loop
      vertex 69.2937 154.812 3
      vertex 69.5684 155.475 6.5
      vertex 69.5684 155.475 3
    endloop
  endfacet
  facet normal -0.923842 0.382774 0
    outer loop
      vertex 69.5684 155.475 6.5
      vertex 69.2937 154.812 3
      vertex 69.2937 154.812 6.5
    endloop
  endfacet
  facet normal 0 0 1
    outer loop
      vertex 73.05 154.1 6.5
      vertex 74.7 154.1 6.5
      vertex 74.6063 154.812 6.5
    endloop
  endfacet
  facet normal 0 0 1
    outer loop
      vertex 72.9962 154.44 6.5
      vertex 74.6063 154.812 6.5
      vertex 74.3316 155.475 6.5
    endloop
  endfacet
  facet normal 0 0 1
    outer loop
      vertex 74.7 154.1 6.5
      vertex 73.05 154.1 6.5
      vertex 74.6063 153.388 6.5
    endloop
  endfacet
  facet normal 0 0 1
    outer loop
      vertex 72.8399 154.747 6.5
      vertex 74.3316 155.475 6.5
      vertex 73.8945 156.045 6.5
    endloop
  endfacet
  facet normal -0 0 1
    outer loop
      vertex 72.9962 153.76 6.5
      vertex 74.6063 153.388 6.5
      vertex 73.05 154.1 6.5
    endloop
  endfacet
  facet normal 0 0 1
    outer loop
      vertex 72.5966 154.99 6.5
      vertex 73.8945 156.045 6.5
      vertex 73.325 156.482 6.5
    endloop
  endfacet
  facet normal 0 0 1
    outer loop
      vertex 74.6063 153.388 6.5
      vertex 72.9962 153.76 6.5
      vertex 74.3316 152.725 6.5
    endloop
  endfacet
  facet normal -0 0 1
    outer loop
      vertex 72.8399 153.453 6.5
      vertex 74.3316 152.725 6.5
      vertex 72.9962 153.76 6.5
    endloop
  endfacet
  facet normal 0 0 1
    outer loop
      vertex 74.6063 154.812 6.5
      vertex 72.9962 154.44 6.5
      vertex 73.05 154.1 6.5
    endloop
  endfacet
  facet normal 0 0 1
    outer loop
      vertex 74.3316 155.475 6.5
      vertex 72.8399 154.747 6.5
      vertex 72.9962 154.44 6.5
    endloop
  endfacet
  facet normal 0 0 1
    outer loop
      vertex 72.2899 155.146 6.5
      vertex 73.325 156.482 6.5
      vertex 72.6618 156.756 6.5
    endloop
  endfacet
  facet normal 0 0 1
    outer loop
      vertex 73.8945 156.045 6.5
      vertex 72.5966 154.99 6.5
      vertex 72.8399 154.747 6.5
    endloop
  endfacet
  facet normal 0 0 1
    outer loop
      vertex 73.325 156.482 6.5
      vertex 72.2899 155.146 6.5
      vertex 72.5966 154.99 6.5
    endloop
  endfacet
  facet normal 0 0 1
    outer loop
      vertex 71.95 155.2 6.5
      vertex 72.6618 156.756 6.5
      vertex 71.95 156.85 6.5
    endloop
  endfacet
  facet normal 0 0 1
    outer loop
      vertex 72.6618 156.756 6.5
      vertex 71.95 155.2 6.5
      vertex 72.2899 155.146 6.5
    endloop
  endfacet
  facet normal -0 0 1
    outer loop
      vertex 71.2383 156.756 6.5
      vertex 71.95 155.2 6.5
      vertex 71.95 156.85 6.5
    endloop
  endfacet
  facet normal 0 0 1
    outer loop
      vertex 71.95 155.2 6.5
      vertex 71.2383 156.756 6.5
      vertex 71.6101 155.146 6.5
    endloop
  endfacet
  facet normal -0 0 1
    outer loop
      vertex 70.575 156.482 6.5
      vertex 71.6101 155.146 6.5
      vertex 71.2383 156.756 6.5
    endloop
  endfacet
  facet normal 0 0 1
    outer loop
      vertex 71.6101 155.146 6.5
      vertex 70.575 156.482 6.5
      vertex 71.3034 154.99 6.5
    endloop
  endfacet
  facet normal -0 0 1
    outer loop
      vertex 70.0055 156.045 6.5
      vertex 71.3034 154.99 6.5
      vertex 70.575 156.482 6.5
    endloop
  endfacet
  facet normal 0 0 1
    outer loop
      vertex 71.3034 154.99 6.5
      vertex 70.0055 156.045 6.5
      vertex 71.0601 154.747 6.5
    endloop
  endfacet
  facet normal -0 0 1
    outer loop
      vertex 69.5684 155.475 6.5
      vertex 71.0601 154.747 6.5
      vertex 70.0055 156.045 6.5
    endloop
  endfacet
  facet normal 0 0 1
    outer loop
      vertex 74.3316 152.725 6.5
      vertex 72.8399 153.453 6.5
      vertex 73.8945 152.155 6.5
    endloop
  endfacet
  facet normal -0 0 1
    outer loop
      vertex 72.5966 153.21 6.5
      vertex 73.8945 152.155 6.5
      vertex 72.8399 153.453 6.5
    endloop
  endfacet
  facet normal 0 0 1
    outer loop
      vertex 73.8945 152.155 6.5
      vertex 72.5966 153.21 6.5
      vertex 73.325 151.718 6.5
    endloop
  endfacet
  facet normal -0 0 1
    outer loop
      vertex 72.2899 153.054 6.5
      vertex 73.325 151.718 6.5
      vertex 72.5966 153.21 6.5
    endloop
  endfacet
  facet normal 0 0 1
    outer loop
      vertex 73.325 151.718 6.5
      vertex 72.2899 153.054 6.5
      vertex 72.6618 151.444 6.5
    endloop
  endfacet
  facet normal -0 0 1
    outer loop
      vertex 71.95 153 6.5
      vertex 72.6618 151.444 6.5
      vertex 72.2899 153.054 6.5
    endloop
  endfacet
  facet normal 0 0 1
    outer loop
      vertex 71.95 153 6.5
      vertex 71.95 151.35 6.5
      vertex 72.6618 151.444 6.5
    endloop
  endfacet
  facet normal 0 0 1
    outer loop
      vertex 71.2383 151.444 6.5
      vertex 71.95 153 6.5
      vertex 71.6101 153.054 6.5
    endloop
  endfacet
  facet normal 0 0 1
    outer loop
      vertex 70.575 151.718 6.5
      vertex 71.6101 153.054 6.5
      vertex 71.3034 153.21 6.5
    endloop
  endfacet
  facet normal 0 0 1
    outer loop
      vertex 71.95 153 6.5
      vertex 71.2383 151.444 6.5
      vertex 71.95 151.35 6.5
    endloop
  endfacet
  facet normal 0 0 1
    outer loop
      vertex 70.0055 152.155 6.5
      vertex 71.3034 153.21 6.5
      vertex 71.0601 153.453 6.5
    endloop
  endfacet
  facet normal 0 0 1
    outer loop
      vertex 69.5684 152.725 6.5
      vertex 71.0601 153.453 6.5
      vertex 70.9038 153.76 6.5
    endloop
  endfacet
  facet normal 0 0 1
    outer loop
      vertex 69.2937 153.388 6.5
      vertex 70.9038 153.76 6.5
      vertex 70.85 154.1 6.5
    endloop
  endfacet
  facet normal 0 0 1
    outer loop
      vertex 71.6101 153.054 6.5
      vertex 70.575 151.718 6.5
      vertex 71.2383 151.444 6.5
    endloop
  endfacet
  facet normal 0 0 1
    outer loop
      vertex 71.0601 154.747 6.5
      vertex 69.5684 155.475 6.5
      vertex 70.9038 154.44 6.5
    endloop
  endfacet
  facet normal -0 0 1
    outer loop
      vertex 69.2937 154.812 6.5
      vertex 70.9038 154.44 6.5
      vertex 69.5684 155.475 6.5
    endloop
  endfacet
  facet normal 0 0 1
    outer loop
      vertex 71.3034 153.21 6.5
      vertex 70.0055 152.155 6.5
      vertex 70.575 151.718 6.5
    endloop
  endfacet
  facet normal 0 0 1
    outer loop
      vertex 70.9038 154.44 6.5
      vertex 69.2937 154.812 6.5
      vertex 70.85 154.1 6.5
    endloop
  endfacet
  facet normal 0 0 1
    outer loop
      vertex 71.0601 153.453 6.5
      vertex 69.5684 152.725 6.5
      vertex 70.0055 152.155 6.5
    endloop
  endfacet
  facet normal 0 0 1
    outer loop
      vertex 69.2 154.1 6.5
      vertex 70.85 154.1 6.5
      vertex 69.2937 154.812 6.5
    endloop
  endfacet
  facet normal 0 0 1
    outer loop
      vertex 70.9038 153.76 6.5
      vertex 69.2937 153.388 6.5
      vertex 69.5684 152.725 6.5
    endloop
  endfacet
  facet normal 0 0 1
    outer loop
      vertex 70.85 154.1 6.5
      vertex 69.2 154.1 6.5
      vertex 69.2937 153.388 6.5
    endloop
  endfacet
  facet normal -0.891367 -0.453282 0
    outer loop
      vertex 72.995 154.442 3
      vertex 72.8399 154.747 6.5
      vertex 72.8399 154.747 3
    endloop
  endfacet
  facet normal -0.857493 -0.514496 -0
    outer loop
      vertex 72.9962 154.44 6.5
      vertex 72.995 154.442 3
      vertex 72.9962 154.44 3
    endloop
  endfacet
  facet normal -0.891152 -0.453704 4.62786e-05
    outer loop
      vertex 72.995 154.442 3
      vertex 72.9962 154.44 6.5
      vertex 72.8399 154.747 6.5
    endloop
  endfacet
  facet normal -0.987711 -0.156291 0
    outer loop
      vertex 73.05 154.1 3
      vertex 72.9962 154.44 6.5
      vertex 72.9962 154.44 3
    endloop
  endfacet
  facet normal -0.987711 -0.156291 0
    outer loop
      vertex 72.9962 154.44 6.5
      vertex 73.05 154.1 3
      vertex 73.05 154.1 6.5
    endloop
  endfacet
  facet normal -0.70667 -0.707543 0
    outer loop
      vertex 72.5966 154.99 3
      vertex 72.8399 154.747 6.5
      vertex 72.5966 154.99 6.5
    endloop
  endfacet
  facet normal -0.70667 -0.707543 -0
    outer loop
      vertex 72.8399 154.747 6.5
      vertex 72.5966 154.99 3
      vertex 72.8399 154.747 3
    endloop
  endfacet
  facet normal -0.156903 -0.987614 0
    outer loop
      vertex 71.95 155.2 3
      vertex 72.2899 155.146 6.5
      vertex 71.95 155.2 6.5
    endloop
  endfacet
  facet normal -0.156903 -0.987614 -0
    outer loop
      vertex 72.2899 155.146 6.5
      vertex 71.95 155.2 3
      vertex 72.2899 155.146 3
    endloop
  endfacet
  facet normal 0.987711 -0.156291 0
    outer loop
      vertex 70.85 154.1 6.5
      vertex 70.9038 154.44 3
      vertex 70.9038 154.44 6.5
    endloop
  endfacet
  facet normal 0.987711 -0.156291 0
    outer loop
      vertex 70.9038 154.44 3
      vertex 70.85 154.1 6.5
      vertex 70.85 154.1 3
    endloop
  endfacet
  facet normal -0.449558 -0.893251 0
    outer loop
      vertex 72.3813 155.1 3
      vertex 72.2899 155.146 6.5
      vertex 72.2899 155.146 3
    endloop
  endfacet
  facet normal -0.453364 -0.891325 -0.000124717
    outer loop
      vertex 72.2899 155.146 6.5
      vertex 72.3813 155.1 3
      vertex 72.5966 154.99 6.5
    endloop
  endfacet
  facet normal -0.454973 -0.890505 -0
    outer loop
      vertex 72.5966 154.99 6.5
      vertex 72.3813 155.1 3
      vertex 72.5966 154.99 3
    endloop
  endfacet
  facet normal 0.453364 -0.891325 0
    outer loop
      vertex 71.3034 154.99 3
      vertex 71.6101 155.146 6.5
      vertex 71.3034 154.99 6.5
    endloop
  endfacet
  facet normal 0.453364 -0.891325 0
    outer loop
      vertex 71.6101 155.146 6.5
      vertex 71.3034 154.99 3
      vertex 71.6101 155.146 3
    endloop
  endfacet
  facet normal 0.156903 0.987614 -0
    outer loop
      vertex 71.95 153 3
      vertex 71.6101 153.054 6.5
      vertex 71.95 153 6.5
    endloop
  endfacet
  facet normal 0.156903 0.987614 0
    outer loop
      vertex 71.6101 153.054 6.5
      vertex 71.95 153 3
      vertex 71.6101 153.054 3
    endloop
  endfacet
  facet normal -0.70667 0.707543 0
    outer loop
      vertex 72.8399 153.453 3
      vertex 72.5966 153.21 6.5
      vertex 72.8399 153.453 6.5
    endloop
  endfacet
  facet normal -0.70667 0.707543 0
    outer loop
      vertex 72.5966 153.21 6.5
      vertex 72.8399 153.453 3
      vertex 72.5966 153.21 3
    endloop
  endfacet
  facet normal 0.891152 0.453704 0
    outer loop
      vertex 71.0601 153.453 6.5
      vertex 70.9038 153.76 3
      vertex 70.9038 153.76 6.5
    endloop
  endfacet
  facet normal 0.891152 0.453704 0
    outer loop
      vertex 70.9038 153.76 3
      vertex 71.0601 153.453 6.5
      vertex 71.0601 153.453 3
    endloop
  endfacet
  facet normal 0.156903 -0.987614 0
    outer loop
      vertex 71.6101 155.146 3
      vertex 71.95 155.2 6.5
      vertex 71.6101 155.146 6.5
    endloop
  endfacet
  facet normal 0.156903 -0.987614 0
    outer loop
      vertex 71.95 155.2 6.5
      vertex 71.6101 155.146 3
      vertex 71.95 155.2 3
    endloop
  endfacet
  facet normal -0.453364 0.891325 0
    outer loop
      vertex 72.5966 153.21 3
      vertex 72.2899 153.054 6.5
      vertex 72.5966 153.21 6.5
    endloop
  endfacet
  facet normal -0.453364 0.891325 0
    outer loop
      vertex 72.2899 153.054 6.5
      vertex 72.5966 153.21 3
      vertex 72.2899 153.054 3
    endloop
  endfacet
  facet normal -0.156903 0.987614 0
    outer loop
      vertex 72.2899 153.054 3
      vertex 71.95 153 6.5
      vertex 72.2899 153.054 6.5
    endloop
  endfacet
  facet normal -0.156903 0.987614 0
    outer loop
      vertex 71.95 153 6.5
      vertex 72.2899 153.054 3
      vertex 71.95 153 3
    endloop
  endfacet
  facet normal 0.987711 0.156291 0
    outer loop
      vertex 70.9038 153.76 6.5
      vertex 70.85 154.1 3
      vertex 70.85 154.1 6.5
    endloop
  endfacet
  facet normal 0.987711 0.156291 0
    outer loop
      vertex 70.85 154.1 3
      vertex 70.9038 153.76 6.5
      vertex 70.9038 153.76 3
    endloop
  endfacet
  facet normal 0.891152 -0.453704 0
    outer loop
      vertex 70.9038 154.44 6.5
      vertex 71.0601 154.747 3
      vertex 71.0601 154.747 6.5
    endloop
  endfacet
  facet normal 0.891152 -0.453704 0
    outer loop
      vertex 71.0601 154.747 3
      vertex 70.9038 154.44 6.5
      vertex 70.9038 154.44 3
    endloop
  endfacet
  facet normal 0.70667 -0.707543 0
    outer loop
      vertex 71.0601 154.747 3
      vertex 71.3034 154.99 6.5
      vertex 71.0601 154.747 6.5
    endloop
  endfacet
  facet normal 0.70667 -0.707543 0
    outer loop
      vertex 71.3034 154.99 6.5
      vertex 71.0601 154.747 3
      vertex 71.3034 154.99 3
    endloop
  endfacet
  facet normal -0.891152 0.453704 0
    outer loop
      vertex 72.8399 153.453 3
      vertex 72.9962 153.76 6.5
      vertex 72.9962 153.76 3
    endloop
  endfacet
  facet normal -0.891152 0.453704 0
    outer loop
      vertex 72.9962 153.76 6.5
      vertex 72.8399 153.453 3
      vertex 72.8399 153.453 6.5
    endloop
  endfacet
  facet normal -0.987711 0.156291 0
    outer loop
      vertex 72.9962 153.76 3
      vertex 73.05 154.1 6.5
      vertex 73.05 154.1 3
    endloop
  endfacet
  facet normal -0.987711 0.156291 0
    outer loop
      vertex 73.05 154.1 6.5
      vertex 72.9962 153.76 3
      vertex 72.9962 153.76 6.5
    endloop
  endfacet
  facet normal 0.70667 0.707543 -0
    outer loop
      vertex 71.3034 153.21 3
      vertex 71.0601 153.453 6.5
      vertex 71.3034 153.21 6.5
    endloop
  endfacet
  facet normal 0.70667 0.707543 0
    outer loop
      vertex 71.0601 153.453 6.5
      vertex 71.3034 153.21 3
      vertex 71.0601 153.453 3
    endloop
  endfacet
  facet normal 0.453364 0.891325 -0
    outer loop
      vertex 71.6101 153.054 3
      vertex 71.3034 153.21 6.5
      vertex 71.6101 153.054 6.5
    endloop
  endfacet
  facet normal 0.453364 0.891325 0
    outer loop
      vertex 71.3034 153.21 6.5
      vertex 71.6101 153.054 3
      vertex 71.3034 153.21 3
    endloop
  endfacet
  facet normal -0 0 1
    outer loop
      vertex 3 86.65 4.6
      vertex 107.8 85.15 4.6
      vertex 107.8 86.65 4.6
    endloop
  endfacet
  facet normal 0 0 1
    outer loop
      vertex 107.8 85.15 4.6
      vertex 3 86.65 4.6
      vertex 3 85.15 4.6
    endloop
  endfacet
  facet normal 0 1 0
    outer loop
      vertex 71.4 86.65 3
      vertex 107.8 86.65 4.6
      vertex 107.8 86.65 3
    endloop
  endfacet
  facet normal 0 1 0
    outer loop
      vertex 63.4 86.65 3
      vertex 107.8 86.65 4.6
      vertex 71.4 86.65 3
    endloop
  endfacet
  facet normal 0 1 0
    outer loop
      vertex 107.8 86.65 4.6
      vertex 63.4 86.65 3
      vertex 3 86.65 4.6
    endloop
  endfacet
  facet normal 0 1 -0
    outer loop
      vertex 59.4 86.65 3
      vertex 3 86.65 4.6
      vertex 63.4 86.65 3
    endloop
  endfacet
  facet normal 0 1 -0
    outer loop
      vertex 51.4 86.65 3
      vertex 3 86.65 4.6
      vertex 59.4 86.65 3
    endloop
  endfacet
  facet normal 0 1 -0
    outer loop
      vertex 47.4 86.65 3
      vertex 3 86.65 4.6
      vertex 51.4 86.65 3
    endloop
  endfacet
  facet normal 0 1 -0
    outer loop
      vertex 39.4 86.65 3
      vertex 3 86.65 4.6
      vertex 47.4 86.65 3
    endloop
  endfacet
  facet normal 0 1 0
    outer loop
      vertex 3 86.65 4.6
      vertex 39.4 86.65 3
      vertex 3 86.65 3
    endloop
  endfacet
  facet normal 0 -1 0
    outer loop
      vertex 39.4 85.15 3
      vertex 3 85.15 4.6
      vertex 3 85.15 3
    endloop
  endfacet
  facet normal 0 -1 0
    outer loop
      vertex 47.4 85.15 3
      vertex 3 85.15 4.6
      vertex 39.4 85.15 3
    endloop
  endfacet
  facet normal 0 -1 0
    outer loop
      vertex 3 85.15 4.6
      vertex 47.4 85.15 3
      vertex 107.8 85.15 4.6
    endloop
  endfacet
  facet normal 0 -1 0
    outer loop
      vertex 51.4 85.15 3
      vertex 107.8 85.15 4.6
      vertex 47.4 85.15 3
    endloop
  endfacet
  facet normal 0 -1 0
    outer loop
      vertex 59.4 85.15 3
      vertex 107.8 85.15 4.6
      vertex 51.4 85.15 3
    endloop
  endfacet
  facet normal 0 -1 0
    outer loop
      vertex 63.4 85.15 3
      vertex 107.8 85.15 4.6
      vertex 59.4 85.15 3
    endloop
  endfacet
  facet normal 0 -1 0
    outer loop
      vertex 71.4 85.15 3
      vertex 107.8 85.15 4.6
      vertex 63.4 85.15 3
    endloop
  endfacet
  facet normal 0 -1 -0
    outer loop
      vertex 107.8 85.15 4.6
      vertex 71.4 85.15 3
      vertex 107.8 85.15 3
    endloop
  endfacet
endsolid OpenSCAD_Model
